Image,x_top0,y_top0,x_bottom0,y_bottom0,x_top1,y_top1,x_bottom1,y_bottom1,x_top2,y_top2,x_bottom2,y_bottom2,x_top3,y_top3,x_bottom3,y_bottom3,x_top4,y_top4,x_bottom4,y_bottom4,x_top5,y_top5,x_bottom5,y_bottom5,x_top6,y_top6,x_bottom6,y_bottom6,x_top7,y_top7,x_bottom7,y_bottom7,x_top8,y_top8,x_bottom8,y_bottom8,x_top9,y_top9,x_bottom9,y_bottom9,x_top10,y_top10,x_bottom10,y_bottom10,x_top11,y_top11,x_bottom11,y_bottom11,x_top12,y_top12,x_bottom12,y_bottom12,x_top13,y_top13,x_bottom13,y_bottom13,x_top14,y_top14,x_bottom14,y_bottom14,x_top15,y_top15,x_bottom15,y_bottom15,x_top16,y_top16,x_bottom16,y_bottom16,x_top17,y_top17,x_bottom17,y_bottom17,x_top18,y_top18,x_bottom18,y_bottom18,x_top19,y_top19,x_bottom19,y_bottom19,x_top20,y_top20,x_bottom20,y_bottom20,x_top21,y_top21,x_bottom21,y_bottom21,x_top22,y_top22,x_bottom22,y_bottom22,x_top23,y_top23,x_bottom23,y_bottom23,x_top24,y_top24,x_bottom24,y_bottom24,x_top25,y_top25,x_bottom25,y_bottom25,x_top26,y_top26,x_bottom26,y_bottom26,x_top27,y_top27,x_bottom27,y_bottom27,x_top28,y_top28,x_bottom28,y_bottom28,x_top29,y_top29,x_bottom29,y_bottom29,x_top30,y_top30,x_bottom30,y_bottom30,x_top31,y_top31,x_bottom31,y_bottom31,x_top32,y_top32,x_bottom32,y_bottom32,x_top33,y_top33,x_bottom33,y_bottom33,x_top34,y_top34,x_bottom34,y_bottom34,x_top35,y_top35,x_bottom35,y_bottom35,x_top36,y_top36,x_bottom36,y_bottom36,x_top37,y_top37,x_bottom37,y_bottom37,x_top38,y_top38,x_bottom38,y_bottom38,x_top39,y_top39,x_bottom39,y_bottom39,x_top40,y_top40,x_bottom40,y_bottom40,x_top41,y_top41,x_bottom41,y_bottom41,x_top42,y_top42,x_bottom42,y_bottom42,x_top43,y_top43,x_bottom43,y_bottom43,x_top44,y_top44,x_bottom44,y_bottom44,x_top45,y_top45,x_bottom45,y_bottom45,x_top46,y_top46,x_bottom46,y_bottom46,x_top47,y_top47,x_bottom47,y_bottom47,x_top48,y_top48,x_bottom48,y_bottom48,x_top49,y_top49,x_bottom49,y_bottom49
0_blur.png,109,326,102,102,109,326,102,102,297,159,173,321
100_blur.png,7,261,82,72,6,262,84,71,102,176,135,110,101,176,137,109,146,12,385,468
101_blur.png,180,360,243,120,668,290,45,126,486,206,106,158,486,206,106,158,111,205,7,18,0,120,113,55,621,8,99,146,356,0,113,105,0,0,269,373,78,0,35,119
102_blur.png,218,246,179,125,218,247,180,124,477,144,243,111,552,126,1,1,550,126,1,1,554,125,1,1,552,108,15,17,580,22,1,1,581,0,7,20,575,0,4,25,406,0,123,145,0,0,160,100
103_blur.png,0,316,89,145,267,242,94,94,267,242,94,94,616,123,1,1,616,121,1,1,610,120,3,12,667,0,53,76,409,0,238,480
104_blur.png,527,228,146,223,527,228,146,223,295,144,176,218,295,144,176,218,111,30,138,125,110,30,140,125,610,0,67,26
105_blur.png,472,321,111,159,19,299,203,161,19,299,201,161,211,247,116,95,213,249,118,93,349,196,130,130,349,196,130,130,26,94,138,113,26,94,136,113,180,32,168,168,180,32,168,168,482,0,212,234
106_blur.png,530,198,170,203,530,198,170,203,363,0,204,207,276,0,88,88,21,0,176,143
107_blur.png,0,383,144,97,534,356,186,124,607,283,113,62,145,244,136,136,145,244,136,136,406,170,200,310,532,37,188,160,74,2,114,56
108_blur.png,243,334,1,1,249,328,1,1,243,322,9,9,227,302,159,158,109,209,134,146,129,176,19,32,0,168,129,79,126,157,1,1,429,13,245,348,429,13,245,348,247,0,56,321,0,0,170,97
109_blur.png,439,388,119,92,532,106,1,1,487,0,44,108,304,0,346,319
10_blur.png,57,408,89,72,573,347,86,86,573,347,86,86,149,0,206,196,0,0,122,113
110_blur.png,584,159,124,124,584,159,124,124,274,131,1,1,276,129,1,1,274,128,1,1,262,121,1,1,262,119,1,1,203,61,131,138,627,0,88,87
111_blur.png,276,386,83,94,613,306,94,82,610,309,91,78,355,308,109,172,31,285,196,160,31,284,194,161,0,212,82,128,95,178,97,85,94,183,100,80,477,163,169,171,477,163,169,171
112_blur.png,219,412,101,68,340,287,98,145,340,287,98,145,14,254,90,90,14,254,90,90,134,68,73,84,134,68,73,84,278,0,102,60
113_blur.png,381,325,22,155,403,323,1,1,550,223,150,228,550,223,150,228,251,197,288,282,403,319,1,1,248,199,157,120,57,10,106,80,57,10,106,80,455,0,233,135
114_blur.png,201,147,165,136,201,147,165,136,82,19,1,1,0,19,81,77,81,11,1,1,468,5,104,54,83,0,179,102,80,0,1,1,76,0,4,18
115_blur.png,281,390,107,90,208,134,180,255,0,132,236,31,245,90,60,29,454,0,143,480,305,0,31,89,243,0,11,119
116_blur.png,534,285,175,187,534,285,175,187,12,75,324,169
117_blur.png,240,385,124,95,26,319,193,161,167,404,1,1,377,312,115,119,0,112,208,233,252,110,127,226,252,110,127,226,520,25,197,318,0,0,97,50
118_blur.png,277,354,76,75,278,354,74,74,294,91,176,176,294,91,176,176,518,0,176,142
119_blur.png,444,460,51,20,177,420,118,60,362,389,219,91,609,366,111,114,314,300,85,59,314,300,85,61,611,178,100,115,142,143,163,267,142,143,163,267,636,113,84,45,561,76,74,103,17,7,162,162,17,7,162,162
11_blur.png,686,458,34,22,470,166,250,314,12,35,331,329,204,0,110,74,175,0,46,213,122,0,5,34
120_blur.png,583,288,118,72,583,288,118,71,302,146,144,220,302,146,144,220,8,0,82,57
121_blur.png,570,320,88,129,570,320,88,129,541,264,49,51,540,263,48,53,0,71,2,24,364,0,105,78,205,0,102,66,0,1,187,175,0,0,8,20
122_blur.png,204,118,177,249,204,118,177,249,298,2,122,111,297,2,123,111,629,0,90,107
123_blur.png,449,301,160,160,449,301,160,160,86,139,223,144,86,139,223,144,180,0,174,59
124_blur.png,77,226,190,190,77,226,190,190,717,0,1,1,572,0,148,179,259,0,180,171,0,0,186,180
125_blur.png,176,362,1,1,78,226,233,240,352,210,307,167,352,210,307,167,603,29,1,1,608,26,1,1,568,16,121,82,604,0,2,29,215,0,386,199,0,0,115,152
126_blur.png,357,438,104,42,187,334,92,92,187,334,92,92,574,288,146,120,99,0,1,1,13,0,223,159,125,75,1,1
127_blur.png,617,99,69,59,617,98,67,61,67,5,154,154,67,5,154,154,310,0,194,135
128_blur.png,496,259,125,221,341,231,96,249,21,204,186,276,421,50,250,246,641,0,79,47
129_blur.png,265,331,94,149,370,250,1,1,369,251,1,1,266,142,225,338,667,54,49,93,113,0,230,192
12_blur.png,586,285,134,54,402,141,318,296,0,103,108,75,548,0,100,307,451,0,29,132,0,0,224,421,108,0,44,102
130_blur.png,337,266,1,1,247,173,215,141,247,173,106,106,277,0,339,170
131_blur.png,86,218,209,226,136,217,1,1,335,41,174,369,64,6,140,213,530,0,190,396
132_blur.png,290,253,189,227,54,159,141,196,54,159,141,195,536,93,160,173,537,95,158,169,195,0,158,98
133_blur.png,417,386,95,71,417,386,96,71,65,371,189,109,245,271,152,152,245,271,152,152,527,143,1,1,522,143,1,1,451,139,206,204,521,0,119,144,367,0,115,179
134_blur.png,25,235,72,72,25,235,72,72,581,168,86,85,581,168,86,85,585,56,90,90,585,56,90,90,348,0,182,152
135_blur.png,539,235,136,151,539,235,136,151,0,78,53,118
136_blur.png,246,480,1,1,254,427,64,54,398,401,67,77,398,401,66,77,124,364,139,117,458,130,140,140,458,130,140,140,200,69,148,226,200,69,148,226,0,37,80,119,265,0,96,75
137_blur.png,0,463,20,17,0,293,134,187,211,72,191,244,490,54,142,217,490,54,142,217,495,4,225,41
138_blur.png,615,392,105,88,117,348,168,132,599,275,100,99,599,275,100,99,289,249,174,174,289,249,174,174,706,0,14,19,608,0,112,193,164,0,116,74
139_blur.png,263,107,247,355,263,107,247,355,0,13,186,286,560,14,160,117
13_blur.png,247,427,63,53,249,278,195,109,157,122,75,70,157,122,75,70
140_blur.png,107,371,79,90,107,371,79,90,558,319,121,161,502,185,218,129,280,146,160,187,280,146,160,187,555,34,165,151,251,0,273,140
141_blur.png,166,377,102,102,166,377,102,102,635,191,85,139,267,0,195,219
142_blur.png,456,230,1,1,457,228,1,1,455,227,1,1,458,226,1,1,456,225,1,1,457,223,1,1,459,213,6,12,43,172,138,138,43,172,138,138,438,84,146,288,322,84,134,176,629,62,91,30,555,42,73,72,712,0,8,11,614,0,13,49
143_blur.png,445,193,118,118,445,193,118,118,110,144,102,152,110,144,102,152,628,113,92,102,46,39,96,96,46,39,96,96
144_blur.png,0,251,119,193,309,155,202,307,309,155,202,307,587,5,100,92,587,5,100,92
145_blur.png,34,271,140,209,0,105,57,80,276,95,158,158,276,95,158,158,110,0,132,102
146_blur.png,225,322,96,142,225,322,96,142,578,278,142,202,322,241,102,124,322,241,102,124,31,131,90,112,31,131,90,112,0,0,168,94
147_blur.png,0,270,100,199,679,144,39,73
148_blur.png,27,351,183,129
149_blur.png,607,233,114,92,0,193,107,71,365,51,146,324
14_blur.png,365,151,1,1,536,151,65,73,536,151,65,73,105,47,408,324
150_blur.png,0,383,68,2,74,382,1,1,74,380,1,1,77,378,1,1,90,368,1,1,94,366,1,1,96,365,1,1,92,365,1,1,42,348,119,109,268,296,164,184,0,146,138,219,163,5,148,148,163,5,148,148,678,0,42,169,434,1,191,479
151_blur.png,23,360,161,120,410,301,276,179,650,229,70,102,4,147,47,129,392,87,72,103,392,87,72,103,105,0,166,83
152_blur.png,576,85,144,204,117,0,186,120
153_blur.png,334,371,160,109,0,360,86,120,663,144,57,104,43,37,189,271,43,37,189,271,290,32,174,168,289,31,176,167
154_blur.png,0,182,200,222,372,95,1,1,248,34,265,199
155_blur.png,347,316,373,129,719,257,1,1,250,157,171,227,422,102,298,136
156_blur.png,308,234,218,168,309,234,220,168,560,0,160,177,273,0,275,259,31,0,274,304
157_blur.png,382,77,192,118,382,77,192,118
158_blur.png,0,398,152,82,542,248,179,180,518,167,112,87,518,167,112,87,0,51,129,301,170,34,349,380,365,220,1,1,330,0,12,58,146,0,163,149
159_blur.png,612,464,25,16,514,393,107,83,622,370,98,64,272,350,205,130,53,307,188,109,53,307,188,109,640,104,1,1,496,103,224,171,640,0,8,103
15_blur.png,81,225,162,249,81,225,162,249,613,190,107,246,368,65,251,415
160_blur.png,58,317,135,163,326,87,254,133,326,87,254,133
161_blur.png,620,385,72,72,164,380,14,5,560,339,87,86,188,330,154,150,292,320,1,1,178,319,113,64,10,279,153,201,272,233,127,100,6,69,186,186,6,69,186,186,246,0,202,202,246,0,202,202
162_blur.png,0,355,73,125,25,285,166,109,25,285,166,109,357,32,181,203,357,32,179,203
163_blur.png,493,384,70,70,493,385,70,68,106,373,83,105,106,373,83,105,600,256,114,126,626,136,94,116,0,128,197,227,509,48,94,139,509,48,94,139,257,0,203,271
164_blur.png,214,375,208,105,100,344,128,100,218,337,1,1,217,338,1,1,193,318,1,1,479,272,124,187,479,272,124,187,39,179,307,174,587,0,133,79
165_blur.png,606,298,34,182,638,296,1,1,0,242,183,208,533,0,187,209,303,1,334,297
166_blur.png,581,348,139,81,452,339,128,141,128,161,328,285,128,161,328,285,0,143,64,94,32,109,1,1,0,102,31,8,62,0,206,161,30,0,131,106
167_blur.png,115,414,128,66,283,376,142,104,498,309,193,143,172,208,110,110,172,208,110,110,385,149,85,86,384,149,87,84,500,79,199,213,500,79,199,213,4,34,94,94,4,34,94,94,369,0,88,44
168_blur.png,567,312,153,167,42,224,266,213,455,187,78,77,455,187,78,77,0,53,109,116,131,9,132,200,131,9,132,200,261,0,186,63
169_blur.png,0,263,93,85,252,212,142,85,252,212,142,85,556,0,164,65
16_blur.png,582,369,138,111,523,191,197,182,24,146,273,218,23,146,275,218
170_blur.png,336,383,113,97,609,326,111,94,102,262,229,218,415,196,196,139,350,195,66,56,643,87,77,169,712,0,8,53,411,0,99,195,57,0,161,142
171_blur.png,410,242,148,125,410,242,148,125,495,69,156,152,591,0,3,69,474,0,41,93,288,0,113,108
172_blur.png,480,0,185,304,218,0,197,305
173_blur.png,260,361,136,119,92,356,86,85,92,356,86,85,451,212,126,191,451,212,126,191,309,192,106,106,309,192,106,106,196,103,80,116,196,103,80,116,714,0,1,1,558,0,61,46,401,0,319,201,169,0,1,1,164,0,1,1,5,0,250,88
174_blur.png,438,273,82,76,440,281,79,68,36,256,81,68,36,250,79,74,152,244,124,111,154,244,120,112,367,0,138,120
175_blur.png,627,390,79,90,83,313,169,100,83,313,169,100,453,291,120,181,453,291,120,181,607,143,113,226,87,2,193,115,87,2,193,115
176_blur.png,484,330,84,122,484,330,84,122,579,329,141,145,50,262,414,218,576,177,117,92,576,177,115,92,28,141,72,72,28,141,72,72,307,0,278,261
177_blur.png,235,333,106,115,235,333,106,115,588,107,130,141,588,107,130,141
178_blur.png,531,393,126,87,218,356,152,96,218,356,152,96,96,107,174,226,96,107,174,226,657,89,63,187,342,54,114,73,342,54,114,73
179_blur.png,235,162,224,161,141,150,118,126,498,114,134,95,466,34,78,112,0,0,239,158
17_blur.png,91,362,63,118,155,361,1,1,158,360,1,1,162,359,1,1,165,358,1,1,168,357,119,123,62,214,145,148,417,136,80,116,417,136,80,116
180_blur.png,8,283,180,165,7,283,182,162,234,187,318,293,297,0,210,162
181_blur.png,41,274,156,206,380,270,216,120,380,270,216,120,263,4,261,146,263,4,261,146,18,0,210,123
182_blur.png,69,306,206,174,0,8,79,124,235,5,110,165,235,5,110,165,621,0,97,102,81,0,148,96
183_blur.png,514,416,86,64,271,163,148,148,271,163,148,148,644,38,76,88
184_blur.png,0,426,65,54,634,347,86,85,14,281,142,199,586,98,134,93,665,0,55,54,370,0,35,2,14,0,603,458
185_blur.png,192,385,82,72,194,388,83,69,607,18,94,94,607,18,94,94
186_blur.png,0,465,5,15,0,339,89,119,495,264,160,216,25,218,231,262,0,212,45,79,373,99,121,227,371,0,170,100,198,0,276,480
187_blur.png,148,297,181,183,384,229,178,178,384,229,178,178,632,212,88,115,693,173,1,1,695,171,25,3,163,78,80,86,163,78,80,86,81,16,76,109,81,16,76,109,671,0,30,172,546,0,95,212
188_blur.png,375,340,102,102,375,340,102,102,229,333,1,1,229,331,1,1,127,194,317,202,597,82,123,141
189_blur.png,13,416,14,64,13,414,1,1,0,414,12,3,0,357,35,24,36,255,171,225,260,134,154,236,260,134,154,236
18_blur.png,391,325,99,102,390,325,101,102,0,323,165,156,620,274,101,138,456,170,104,104,456,170,104,104,124,64,194,194,124,64,194,194,445,42,92,92,445,42,92,92
190_blur.png,137,199,426,281
191_blur.png,236,299,66,56,235,298,68,58,497,272,153,135,495,272,154,136,531,29,185,213,717,0,1,1,516,0,17,28,192,0,159,173,250,98,1,1,0,0,49,82
192_blur.png,691,461,29,19,5,349,87,131,290,295,70,70,290,296,70,68,483,254,237,226,343,93,180,168,342,92,181,166,100,71,87,101,100,71,87,101,452,7,72,72,452,7,72,72
193_blur.png,562,290,96,96,562,290,96,96,167,270,161,123,167,270,161,123,0,99,128,321,269,45,138,210,269,45,138,210
194_blur.png,517,460,41,20,370,439,58,41,394,389,4,26,393,390,1,1,719,370,1,1,0,370,52,7,391,276,329,87,250,274,140,206,0,100,290,342,304,40,110,165,304,40,110,165,578,0,90,64
195_blur.png,498,421,85,59,0,319,154,137,635,305,85,24,539,297,116,82,618,195,102,107,76,18,190,295,76,18,190,295,592,0,128,37,464,0,256,150
196_blur.png,2,276,192,192,2,276,192,192,349,0,243,248
197_blur.png,633,341,82,82,84,315,122,124,83,314,124,132,210,268,142,212,518,268,134,143,515,265,138,137,297,92,66,71,296,91,65,73
198_blur.png,0,114,164,317,511,73,106,106,511,73,106,106,204,72,154,154,204,72,154,154,633,0,87,106
199_blur.png,266,232,156,239,266,232,156,239,0,231,130,192,569,126,144,220,569,126,144,220,0,0,191,165
19_blur.png,0,437,85,43,131,377,243,103,575,320,145,159,216,228,171,108,216,228,171,108,608,111,112,207,401,0,207,254,182,0,214,166
1_blur.png,130,275,76,75,131,275,74,74,101,147,202,123,101,147,202,123,314,53,184,184,314,53,184,184,14,0,228,118
200_blur.png,213,406,119,74,461,400,86,80,545,394,1,1,534,374,1,1,352,355,180,125,0,333,67,101,533,300,9,72,541,298,1,1,490,254,50,45,491,252,1,1,491,250,1,1,53,242,142,142,53,242,142,142,509,229,194,202,408,162,102,101,657,52,63,105,173,0,233,222
201_blur.png,63,442,22,36,603,409,117,71,0,395,85,46,432,270,80,116,432,270,80,116,521,231,146,78,521,231,146,78,0,201,208,279,93,107,134,120,93,106,132,121,241,0,183,146,173,0,104,96
202_blur.png,322,399,39,81,607,337,113,124,312,234,105,246,46,207,77,76,45,207,79,79,173,120,163,278,60,30,114,115,59,30,115,109,250,0,166,112
203_blur.png,322,321,96,93,322,321,104,93,517,268,146,146,517,268,146,146,2,140,296,340,0,50,25,10,196,0,87,76,0,1,194,203,21,0,6,50
204_blur.png,708,470,12,10,363,264,1,1,445,144,275,336,0,131,21,52,268,126,208,297,520,0,139,122,1,0,334,388,76,0,75,22,0,0,13,8
205_blur.png,0,355,109,45,111,343,1,1,113,336,10,9,118,335,1,1,123,333,1,1,160,310,1,1,162,308,1,1,551,285,1,1,553,284,1,1,525,280,91,90,107,220,234,260,483,214,97,82,546,286,1,1,300,104,231,376,623,98,97,226,0,78,297,157,349,0,155,78
206_blur.png,617,261,103,89,0,245,98,200,298,167,246,313,365,0,204,56
207_blur.png,669,422,51,58,123,392,141,88,535,219,150,230,535,219,150,230,0,87,254,157,0,26,170,80,292,0,261,244,342,0,96,51,407,48,1,1,340,0,2,21,263,0,63,46
208_blur.png,640,360,80,109,492,237,60,243,490,236,1,1,490,233,1,1,482,231,1,1,480,230,1,1,481,228,1,1,484,232,1,1,40,225,174,255,365,42,281,438
209_blur.png,433,268,112,168,433,268,112,168,0,268,1,48,0,171,107,215,552,0,168,215
20_blur.png,521,307,140,173,561,166,90,90,561,166,90,90,195,123,52,64,194,122,54,66,239,87,138,324,614,0,64,49,375,0,168,384,250,0,68,86
210_blur.png,115,404,101,76,643,395,77,85,203,149,178,238,203,149,178,238
211_blur.png,0,126,97,3,532,97,112,112,532,97,112,112,0,33,266,59,538,21,129,68,538,21,129,68,94,11,472,383,265,0,2,41
212_blur.png,597,347,123,50,428,332,184,148,0,301,31,17,617,252,92,69,617,252,92,69,275,239,123,93,275,239,123,93,414,145,124,124,414,145,124,124,565,122,84,83,565,122,84,83,0,4,212,424,351,0,14,2,205,0,305,147
213_blur.png,167,402,93,78,615,137,91,81,614,139,93,79,358,0,275,290
214_blur.png,535,380,73,60,534,376,75,65,4,270,92,135,4,270,92,135,222,248,301,232,601,65,102,95,600,65,104,95,515,0,125,106,206,0,190,212,6,0,167,202
215_blur.png,288,199,99,130,288,199,99,130,2,157,62,121,30,0,86,56
216_blur.png,568,230,152,85,240,224,146,102,240,224,146,102,1,210,75,226,469,203,251,182
217_blur.png,140,381,164,99,0,339,123,141,164,282,80,79,164,282,80,79,503,227,217,207,402,211,78,77,402,211,78,77,169,18,114,171,169,18,114,171
218_blur.png,236,366,110,110,236,366,110,110,574,266,146,61,550,220,1,1,548,220,1,1,70,55,104,155,70,55,104,155,709,0,11,17,202,0,458,444,193,0,151,116,4,0,82,63
219_blur.png,510,378,211,102,349,352,143,93,349,352,143,93,7,332,194,148,0,139,87,6,56,79,270,166,471,0,203,269,120,0,60,87,0,0,36,20
21_blur.png,0,478,1,1,0,424,96,56,307,360,248,120,108,266,229,190,108,266,229,190,0,107,349,93,0,96,220,71,431,0,136,119
220_blur.png,385,420,65,60,63,239,174,241,532,180,82,81,532,180,82,81,291,181,173,219,291,181,173,219,173,156,76,70,174,150,78,77,571,34,108,108,571,34,108,108
221_blur.png,569,292,132,132,569,292,132,132,236,222,160,246,236,222,160,246,65,163,82,94,64,162,89,96,136,0,88,75
222_blur.png,361,432,93,48,438,258,282,222,334,208,120,120,334,208,120,120,173,0,96,99
223_blur.png,533,365,182,115,452,211,251,189,452,211,251,189,0,133,121,132,163,124,106,106,163,124,106,106,488,76,208,144
224_blur.png,434,270,134,204,434,270,134,204,546,137,92,103,546,137,92,103,257,90,172,265,257,90,172,265,317,0,180,99,0,0,176,296,0,0,42,62
225_blur.png,522,264,123,90,522,265,124,89,99,261,102,101,99,261,102,101,586,181,88,66,586,181,89,66
226_blur.png,270,256,156,187,270,256,156,187,191,226,84,122,191,226,84,122,474,163,72,79,473,162,74,83,326,41,126,135,325,40,127,136,48,30,202,202,48,30,202,202
227_blur.png,479,383,182,95,0,197,120,128,0,195,31,11,0,168,37,28,197,141,169,107,197,141,169,107,0,95,96,102,43,195,1,1,467,40,94,94,467,40,94,94,31,0,327,131
228_blur.png,285,376,138,104,62,258,1,1,0,258,61,11,58,155,117,325,221,134,108,108,221,134,108,108,478,0,160,91
229_blur.png,641,300,79,112,465,201,70,81,464,200,69,84,50,173,65,73,49,172,64,75,605,115,115,147,470,0,60,56
22_blur.png,517,108,193,344,236,97,152,229,151,86,80,79,151,86,80,79,0,39,85,163
230_blur.png,0,471,21,9,582,382,67,98,716,377,1,1,719,372,1,1,0,333,85,147,393,252,256,228,134,153,80,87,134,153,80,87,245,116,231,364,477,115,113,38,591,71,129,81,0,11,81,139,417,0,106,111
231_blur.png,635,141,86,158,554,109,77,83,554,109,77,83
232_blur.png,0,385,23,13,0,369,1,1,0,303,172,149,637,179,78,233,496,174,102,102,496,174,102,102,91,78,162,249,91,78,162,249,499,18,118,118,499,18,118,118,179,0,208,124
233_blur.png,636,289,84,140,448,236,161,244,529,23,118,74,529,23,118,74,253,0,244,292,142,0,76,51
234_blur.png,173,320,232,160,189,151,110,166,189,151,110,166,101,0,278,189
235_blur.png,278,298,105,182,410,190,306,290,301,163,14,11,298,163,1,1,315,160,1,1,142,39,277,441,96,0,127,101
236_blur.png,516,440,2,40,514,434,102,46,506,428,10,11,508,427,1,1,437,427,68,53,481,263,232,217,655,161,61,117,624,0,95,108
237_blur.png,495,418,225,62,393,355,246,125,640,306,80,56,535,44,160,246,535,44,160,246,353,0,113,26,1,0,76,41
238_blur.png,224,346,139,134,310,34,132,132,310,34,132,132,0,11,59,101
239_blur.png,575,414,145,66,133,319,152,161,345,305,262,149,83,243,1,1,24,235,72,101,0,220,51,14,256,146,237,164,256,146,237,164,0,111,129,140
23_blur.png,0,364,138,96,141,303,198,177,525,244,142,217,525,244,142,217,0,0,296,219
240_blur.png,0,477,1,1,0,404,85,75,526,279,107,121,526,279,107,121,0,205,58,113,511,77,200,181,511,77,200,181,410,0,92,161,371,0,52,94,44,0,154,202
241_blur.png,200,339,212,141,313,181,108,161,313,181,108,161,47,180,128,194,47,180,128,194,560,157,158,158,560,157,158,158,534,0,185,129,277,0,186,165,0,0,109,144
242_blur.png,0,429,41,51,239,415,121,65,87,354,147,126,485,306,146,174,467,0,197,164,115,0,180,153
243_blur.png,0,465,14,16,0,377,108,104,287,339,117,142,668,221,52,113,29,0,347,176
244_blur.png,278,338,138,138,278,338,138,138,302,278,1,1,306,277,1,1,267,276,69,63,310,276,1,1,302,276,1,1,306,275,1,1,435,255,260,225,626,136,94,120,218,136,144,143,238,6,117,100,238,6,118,100,434,0,190,100
245_blur.png,462,195,90,70,464,196,86,72,242,109,136,111,241,116,137,104,142,80,94,94,142,80,94,94
246_blur.png,0,409,177,71,0,275,346,205,342,235,213,175,341,235,214,175,495,0,104,124
247_blur.png,313,157,88,110,313,157,88,110,407,134,116,174,407,134,116,174,38,0,171,134
248_blur.png,538,0,180,309,2,0,104,231
249_blur.png,612,409,96,71,544,288,96,96,544,288,96,96,319,187,104,205,319,187,104,205,61,131,1,1,71,124,1,1,68,124,1,1,71,120,1,1,0,92,58,43,638,74,82,158,559,44,65,83,559,44,65,83,59,0,211,244,72,0,60,123,72,0,18,119
24_blur.png,502,195,150,116,502,196,150,115,374,146,108,82,373,145,109,82,437,106,1,1,436,26,179,135,435,0,53,102,192,0,45,42,150,0,41,42,91,0,346,153
250_blur.png,557,362,108,108,557,362,108,108,137,316,149,78,137,316,149,78,315,242,183,94,315,242,183,94,574,132,128,70,574,132,128,70
251_blur.png,216,382,84,54,216,382,84,54,563,139,157,220,13,0,234,64
252_blur.png,185,397,213,83,10,345,40,109,635,156,85,120,212,54,168,168,212,54,168,168,695,0,25,17,637,0,83,154,563,0,86,56
253_blur.png,630,400,90,79,0,371,59,96,325,215,136,129,329,214,133,126,551,138,1,1,391,24,307,192,633,0,87,48,204,0,173,131,0,1,187,56,6,0,1,1
254_blur.png,75,325,65,58,74,321,63,62,422,225,174,247,422,225,174,247,199,185,127,108,325,166,114,114,207,86,117,105,209,86,113,105,488,0,232,149,332,0,88,73
255_blur.png,93,381,131,99,541,235,84,83,541,235,84,83,54,230,50,62,53,229,50,64,719,136,1,1,543,43,177,232
256_blur.png,230,288,166,166,230,288,166,166,574,286,1,1,439,279,161,169,567,278,1,1,497,269,67,36,576,223,144,84,131,184,76,109,131,184,76,109,543,131,177,142
257_blur.png,241,278,161,202,73,263,138,122,72,263,140,123,449,82,268,251,449,82,268,251
258_blur.png,560,370,160,55,568,367,1,1,496,301,85,69,523,223,92,134,604,164,116,67,35,127,117,97,35,127,117,97,698,0,22,29,570,0,150,118
259_blur.png,590,473,21,7,513,393,207,87,130,324,206,156,345,148,365,235,345,148,365,235,243,0,117,83,0,0,257,179
25_blur.png,494,231,162,249,494,231,162,249,617,168,103,97,440,17,210,119,440,17,210,119
260_blur.png,398,340,255,140,115,226,1,1,608,171,70,64,612,167,62,69,0,45,303,424,302,0,183,203
261_blur.png,503,284,217,196,317,250,119,230,0,179,161,87,161,136,72,75,637,122,19,44,637,122,19,44,0,84,161,86,631,48,1,1,621,41,5,17,641,11,1,1,711,0,9,12,643,0,17,13,641,0,1,1,437,0,126,250
262_blur.png,372,340,94,69,371,339,96,71,0,48,64,104
263_blur.png,124,330,171,150,597,261,123,118,0,255,101,152,187,85,82,81,187,85,82,81,562,0,51,259
264_blur.png,200,359,212,121,310,222,122,128,310,222,122,128,369,100,96,96,369,100,96,96,585,0,91,87,48,0,127,131
265_blur.png,719,479,1,1,614,442,16,38,526,357,97,110,624,319,96,56,276,319,86,126,276,319,86,126,489,141,166,166,489,141,166,166,138,90,166,256,138,90,166,256,321,6,139,123,325,6,135,123,561,0,153,143,1,0,142,127
266_blur.png,21,210,168,259,21,210,168,259,507,181,107,123,507,181,107,123,619,148,101,220,281,108,116,136,281,108,116,136
267_blur.png,398,340,94,78,395,345,92,73,249,125,138,111,248,125,139,111
268_blur.png,569,369,102,102,569,369,102,102,0,339,71,101,516,63,146,223,516,63,146,223,103,0,252,345
269_blur.png,476,236,230,220,0,168,346,285,0,31,67,87
26_blur.png,526,308,78,77,526,308,78,77,644,191,76,149,222,143,100,148,222,143,100,148,348,0,100,102,183,0,1,1,178,0,1,1,45,0,239,139
270_blur.png,164,193,132,93,164,193,132,93,460,143,167,117,460,143,167,117,195,38,82,119,195,38,82,119,634,0,86,96,46,0,90,56
271_blur.png,224,158,168,322,437,145,232,217,437,145,232,217,126,22,102,95,125,24,104,93
272_blur.png,251,317,71,55,250,316,73,57,394,95,198,198,394,95,198,198
273_blur.png,107,334,28,146,550,263,142,217,550,263,142,217,39,57,191,423,638,36,78,77,638,36,78,77
274_blur.png,591,0,123,144,149,0,124,87,1,0,68,116
275_blur.png,0,295,19,38,449,292,71,103,279,181,84,122,0,178,86,245,497,163,182,189,163,108,124,184,548,17,140,134,547,21,141,130,333,0,190,243
276_blur.png,69,361,183,119,630,296,90,119,0,195,371,193,422,0,255,99,169,0,99,199,0,0,68,224
277_blur.png,320,260,1,1,570,241,58,239,109,75,318,393,663,0,57,108,436,1,192,239
278_blur.png,323,348,186,119,323,348,188,119,142,342,164,90,142,342,164,90,264,181,92,135,264,181,92,135
279_blur.png,579,466,36,14,382,409,173,71,244,137,476,341,188,55,103,124,188,55,103,124
27_blur.png,255,291,74,189,331,290,1,1,336,289,1,1,340,288,1,1,335,276,68,35,0,126,64,129,604,62,1,1,227,61,332,419,604,60,1,1,621,42,1,1,623,0,53,43,621,0,9,41,404,0,316,108,153,0,190,97
280_blur.png,343,355,94,125,482,156,220,324,0,0,101,70
281_blur.png,537,397,134,83,80,284,92,135,80,284,92,135,324,46,182,282,324,46,182,282
282_blur.png,553,375,167,105,205,329,201,151,145,157,126,126,145,157,126,126,259,36,181,124,259,36,181,124,684,0,36,72,548,0,172,264,0,0,105,75
283_blur.png,235,287,125,193,535,153,185,164,285,99,122,122,285,99,122,122,67,69,167,411,0,0,100,96
284_blur.png,280,464,2,16,675,414,45,66,532,393,115,87,20,373,78,107,202,263,161,217,65,218,110,117,64,217,111,116,342,66,59,64,341,65,60,68,472,49,52,57,471,48,53,59
285_blur.png,327,339,182,141,0,220,1,1,550,210,170,182,0,125,245,240,0,83,152,89,499,0,221,205
286_blur.png,46,352,27,19,0,304,123,161,7,271,42,100,383,232,1,1,380,231,1,1,382,230,1,1,666,208,54,116,419,206,1,1,192,14,305,339,661,2,59,81
287_blur.png,273,352,141,128,608,269,46,53,437,237,283,197,0,197,85,134,655,183,65,86,250,4,168,247,250,4,168,247
288_blur.png,0,458,54,22,0,310,259,170,531,4,150,150,531,4,150,150,326,0,291,372
289_blur.png,260,392,168,88,658,255,62,225,157,208,94,82,156,206,96,85,517,149,203,331,436,0,155,119,0,1,55,46
28_blur.png,651,400,69,80,52,83,160,160,52,83,160,160
290_blur.png,503,48,70,70,503,49,70,68,30,0,294,177
291_blur.png,16,323,108,157,609,206,111,92,0,200,96,129,251,112,170,368,420,0,208,480,260,0,161,111
292_blur.png,280,339,186,141,471,312,155,138,471,312,155,138,33,198,154,236,33,198,154,236,452,0,156,203,172,0,141,156,14,0,114,160,0,0,13,7
293_blur.png,546,371,104,109,614,336,106,51,548,177,172,111,571,158,4,18,0,138,396,193,585,78,135,41,0,70,225,103,234,20,73,89,233,19,81,91,581,0,78,114,383,0,189,205
294_blur.png,379,0,124,80,23,0,202,160
295_blur.png,478,349,242,116,325,223,168,154,493,133,227,224,148,39,251,298,148,39,251,298,22,0,74,37
296_blur.png,280,243,72,103,280,243,72,103,644,106,76,126,470,0,224,132,233,0,117,60
297_blur.png,28,455,11,25,20,440,8,40,523,393,118,87,0,355,192,125,315,319,158,158,315,319,158,158,613,0,7,10,608,0,1,1,518,0,202,224
298_blur.png,386,349,305,131,94,227,81,88,93,226,83,89,621,0,2,78,323,9,366,296
299_blur.png,62,370,80,79,62,370,80,79,606,94,114,57,703,0,17,43,612,0,16,39,605,0,7,49,426,0,181,153,242,0,164,163,0,0,153,116
29_blur.png,201,137,90,132,201,137,90,132,373,0,297,299,165,0,80,52
2_blur.png,332,361,35,119,564,351,95,77,564,351,95,77,434,338,1,1,432,338,1,1,431,340,1,1,434,336,1,1,455,310,1,1,457,298,102,182,287,89,176,271,634,87,86,23,631,87,1,1,632,85,1,1,630,82,1,1,553,69,100,148,715,0,1,1,622,0,26,81
300_blur.png,400,368,155,108,400,368,155,108,8,327,118,153,380,213,95,70,380,210,95,73,119,168,72,72,119,168,72,72,78,117,1,1,82,116,1,1,34,112,95,70,0,96,76,21,379,60,80,61,379,58,80,63,251,22,78,113,251,22,78,113,96,0,66,113
301_blur.png,580,307,72,72,580,307,72,72,621,183,100,148,146,174,189,145,366,86,202,202,366,86,202,202,0,0,201,228,0,0,15,61
302_blur.png,41,361,106,119,654,200,66,109,189,83,65,79,188,85,64,78,291,25,188,188,291,25,188,188,540,0,124,64
303_blur.png,0,450,13,30,0,117,89,142,126,1,286,479,0,0,267,399,0,0,48,122
304_blur.png,598,363,122,117
305_blur.png,210,389,96,73,211,393,95,72,472,182,171,127,472,180,171,133,11,50,340,371,11,52,340,368,486,16,104,78,486,15,104,79,0,0,58,54
306_blur.png,56,367,82,113,617,348,103,132,403,66,148,226,403,66,148,226,611,47,73,68,611,47,73,68,52,0,271,273
307_blur.png,624,472,14,8,535,444,49,36,0,371,99,109,577,342,143,101,466,222,105,68,466,222,105,68,0,134,329,346,630,98,90,112,217,3,201,124,217,3,201,124
308_blur.png,379,275,121,70,379,275,121,70,127,144,183,99,127,144,183,99,499,103,214,353,499,103,214,353
309_blur.png,665,441,55,39,255,280,148,133,254,280,150,132,0,46,130,117
30_blur.png,399,268,168,212,618,133,1,1,620,110,100,29,557,93,17,4,439,6,197,294,569,0,7,93
310_blur.png,329,318,158,158,329,318,158,158,499,242,110,165,499,242,110,165,669,188,43,119,0,151,15,26,0,121,194,206,0,24,90,98,152,0,240,194,188,0,35,63
311_blur.png,188,127,142,217,188,127,142,217,587,0,121,110,271,0,107,110
312_blur.png,558,342,90,132,558,342,90,132,48,189,126,126,48,189,126,126,258,36,114,104,258,36,114,104,581,35,133,127,579,37,134,125,2,0,96,165
313_blur.png,439,265,125,87,439,265,125,87,0,119,84,108,244,0,166,108
314_blur.png,129,367,72,72,129,367,72,72,0,235,2,13,0,132,244,300,332,21,159,81,332,21,159,81,504,0,208,58
315_blur.png,47,335,93,79,44,335,96,79,666,304,49,139,272,228,182,252,535,172,117,97,535,172,117,97,5,45,205,213,110,191,1,1,5,45,205,214,411,25,153,126,411,25,153,126
316_blur.png,481,248,100,148,481,248,100,148,246,0,249,285,407,124,1,1
317_blur.png,241,275,31,65,336,237,217,218,336,237,217,218,126,216,202,248,60,1,102,93
318_blur.png,479,358,185,122,238,177,125,139,238,177,125,139,15,173,223,237,15,174,224,236,617,80,103,210,294,0,96,70
319_blur.png,587,317,133,163,307,235,69,72,306,235,71,70,185,136,104,104,185,136,104,104,536,84,84,83,536,84,84,83,641,52,79,148
31_blur.png,0,390,52,90,642,387,79,93,398,274,119,206,499,145,222,135,0,131,215,160,99,130,1,1,96,129,1,1,93,128,1,1,90,127,1,1,86,126,1,1,90,125,1,1,82,125,1,1,215,129,283,151,86,124,1,1,79,124,1,1,82,123,1,1,0,123,75,19,41,72,99,58,219,0,187,116
320_blur.png,346,87,233,213,3,53,142,142,3,53,142,142
321_blur.png,504,349,90,131,206,241,159,151,205,240,160,155,422,81,108,161,422,81,108,161,0,8,76,142,226,0,166,115
322_blur.png,44,414,110,66,469,312,202,133,469,312,202,133,0,85,191,159,557,44,163,126
323_blur.png,24,339,151,138,27,340,148,137,413,86,200,341,413,86,200,346
324_blur.png,489,340,1,1,489,338,1,1,0,246,183,161,69,126,106,106,69,126,106,106,324,75,368,405,615,47,105,103
325_blur.png,223,334,149,146,444,305,124,124,444,305,124,124,467,89,86,82,466,88,87,83,466,0,129,69,238,0,194,119
326_blur.png,27,408,106,72,477,296,118,118,477,296,118,118,662,130,53,152,2,111,39,109,366,102,92,92,366,102,92,92,107,32,242,400,107,32,242,400,401,0,111,40
327_blur.png,9,410,65,66,6,410,68,70,144,320,78,77,144,320,78,77,498,319,141,148,497,319,142,149,336,74,133,140,335,74,134,141,504,0,146,141
328_blur.png,0,458,19,22,0,272,164,208,484,211,170,262,484,211,170,262,233,32,101,117,233,32,101,117,630,0,90,96,447,0,152,139
329_blur.png,568,364,1,1,83,355,102,102,83,355,102,102,677,305,1,1,660,303,18,2,481,263,110,217,683,205,37,21,595,44,106,182,459,25,178,309,632,308,1,1,0,0,299,191
32_blur.png,97,191,384,260,612,55,108,164,534,0,85,80
330_blur.png,97,382,107,72,97,382,107,72,466,291,112,74,466,291,112,74,623,208,71,49,623,208,69,49,0,182,81,126,92,142,128,86,92,142,128,86,430,0,90,59,0,2,160,52
331_blur.png,210,277,164,164,210,277,164,164,526,106,35,34,434,87,127,55,251,58,470,262,557,0,164,152,439,0,43,18,388,0,27,65
332_blur.png,328,280,202,200,623,233,97,132,3,0,122,181
333_blur.png,34,344,184,136,48,236,104,71,48,236,104,71,300,115,1,1,298,112,1,1,296,113,1,1,0,107,138,113,224,29,121,85,177,4,366,325,628,0,91,53
334_blur.png,0,455,10,25,0,371,138,105,171,318,149,162,284,288,217,192,0,188,22,1,15,163,102,102,505,112,215,173,0,113,52,53,161,68,138,138,161,68,138,138,277,0,196,98
335_blur.png,110,163,102,102,110,163,102,102,599,124,88,88,599,124,88,88,0,60,131,148
336_blur.png,261,278,84,122,261,278,84,122,704,243,16,1,283,53,180,181,283,53,180,181,675,0,37,244,527,0,193,377
337_blur.png,549,407,153,73,618,241,1,1,616,239,1,1,618,238,1,1,635,225,1,1,609,209,91,72,172,186,80,79,172,186,80,79,344,33,305,244,1,0,198,99
338_blur.png,290,378,164,86,290,378,164,86,565,0,128,154,45,0,103,125
339_blur.png,0,330,408,116,386,271,251,188,0,268,137,39,138,232,166,71,308,230,1,1,349,217,82,95,149,69,254,160,339,218,1,1,345,2,375,213,4,0,65,89
33_blur.png,8,262,169,190,8,262,169,190,255,250,128,143,255,250,128,143,636,82,84,109,202,0,307,109
340_blur.png,249,347,156,133,57,193,90,90,57,193,90,90,0,38,105,133,116,0,191,144
341_blur.png,120,378,175,96,120,378,175,96,351,285,105,59,351,285,105,59,213,168,94,94,213,168,94,94,656,72,64,187,193,65,149,82,193,65,149,82
342_blur.png,371,326,87,100,370,325,95,99,199,269,11,14,191,269,15,9,209,267,1,1,79,262,104,218,502,259,215,146,549,222,1,1,148,213,22,49,654,208,66,71,482,180,71,78,551,176,101,47,551,0,169,170,371,1,146,141,224,0,117,480,107,0,63,212
343_blur.png,453,393,122,87,135,289,144,191,0,34,122,315,549,0,93,53,438,0,23,100,229,0,479,354
344_blur.png,231,385,70,70,231,386,70,68,114,371,91,63,114,373,90,61
345_blur.png,636,336,84,105,0,140,53,82
346_blur.png,256,299,174,174,256,299,174,174,118,191,1,1,118,189,1,1,0,186,117,26,140,161,1,1,99,136,217,326,481,83,216,337,481,83,216,337,0,37,146,123,149,0,144,89
347_blur.png,0,386,108,31,107,368,77,112,305,365,84,115,6,183,37,103,275,0,171,83,0,0,126,81
348_blur.png,280,444,68,36,281,440,1,1,346,362,124,118,650,306,70,24,166,264,114,178,476,259,244,201,135,155,216,228,548,100,1,1,550,99,1,1,522,95,80,116,632,0,87,111,548,0,27,99,404,0,143,123
349_blur.png,390,339,144,141,607,213,96,96,607,213,96,96,0,160,67,91,121,0,111,104
34_blur.png,229,305,126,126,229,305,126,126,501,219,66,261,0,159,157,236,0,126,43,53,527,63,159,417,353,0,100,77,5,0,126,143
350_blur.png,0,282,89,198,208,177,136,126,207,175,138,126,98,0,161,119
351_blur.png,550,386,114,94,324,260,122,122,324,260,122,122,22,136,246,344,541,30,99,106,541,30,99,106,214,13,86,126,214,13,86,126,406,0,184,280
352_blur.png,487,331,90,90,487,331,90,90,191,237,255,243,575,210,135,146,575,210,135,146,336,0,61,64
353_blur.png,324,336,134,134,324,336,134,134,577,271,81,91,576,270,83,93,149,69,88,129,149,69,88,129
354_blur.png,402,293,176,177,413,203,74,104,407,0,153,195,0,4,136,108,47,0,24,2
355_blur.png,0,151,102,121,389,95,92,92,389,95,92,92,589,0,131,97,201,0,162,174
356_blur.png
357_blur.png,591,322,110,158,381,267,160,213,128,231,110,110,128,231,110,110,245,190,73,57,244,189,72,58,552,135,90,90,552,135,90,90,0,121,90,131,161,37,76,75,162,37,74,74,394,0,232,155
358_blur.png,132,361,33,119,256,332,31,148,257,296,1,1,269,259,78,83,345,256,1,1,343,254,1,1,16,231,240,146,256,22,239,272
359_blur.png,640,379,80,83,532,260,100,148,532,260,100,148,701,114,19,47,704,113,16,6,699,112,1,1,559,85,161,159,558,0,22,16,485,0,149,86,255,0,187,144,0,0,69,93
35_blur.png,0,335,153,106,293,300,211,180,38,204,70,70,38,205,70,68,152,88,154,236,152,88,154,236,397,0,320,299,9,0,280,88
360_blur.png,624,252,96,76,243,142,310,265,243,142,311,265,0,106,199,374,416,12,124,124,416,12,124,124
361_blur.png,0,342,162,101,375,324,72,72,375,324,72,72,646,7,74,27,98,0,199,124
362_blur.png,0,151,69,74,630,78,80,74,630,78,80,74,89,76,81,71,86,76,84,73
363_blur.png,431,239,199,157,431,239,199,157,633,184,87,108,358,121,74,106,358,121,74,106,629,69,77,59,629,69,77,59,417,51,100,78,417,51,100,78,197,0,167,124
364_blur.png,522,247,165,168,627,246,1,1,623,243,1,1,618,242,1,1,369,158,242,221,0,133,89,148,565,109,52,135,627,96,93,149,64,24,146,121,63,23,148,122,591,0,50,108,139,0,277,257
365_blur.png,324,300,167,92,324,300,167,92,585,145,135,204,0,76,257,333,105,0,251,78
366_blur.png,157,436,88,42,622,395,98,80,438,373,120,105,483,175,68,134,596,39,10,8,592,37,1,1,594,35,12,3,592,35,1,1,549,0,141,384,564,0,1,1,484,0,50,21,328,0,162,174
367_blur.png,220,356,72,72,220,356,72,72,448,291,206,151,448,291,206,151,190,275,79,58,190,275,79,58,355,159,172,187,355,159,172,187,3,94,39,75,245,0,173,125
368_blur.png,363,366,108,108,363,366,108,108,0,310,72,121,163,226,136,136,163,226,136,136,1,69,106,158,1,69,106,158,399,42,224,356,399,42,224,356,0,0,38,25
369_blur.png,615,281,105,172,112,284,187,129,112,283,187,130,628,109,92,89,175,29,86,85,175,29,86,85,0,20,85,126
36_blur.png,15,352,96,128,645,330,1,1,555,330,165,134,689,313,31,38,146,123,312,357,98,101,156,114,98,101,156,114,0,72,94,152,578,60,142,269
370_blur.png,624,406,96,74,369,273,260,207,15,14,224,127,15,14,224,127,366,0,224,94
371_blur.png,0,91,163,207,240,0,209,265
372_blur.png,188,288,244,192,23,234,321,246,524,173,147,118,523,172,149,117,681,156,39,71,241,135,1,1,241,132,1,1,73,0,307,229
373_blur.png,117,158,106,106,117,158,106,106,0,109,118,271,275,12,282,396,91,0,233,157
374_blur.png,442,216,186,108,442,216,186,108,0,123,67,60,628,57,92,142
375_blur.png,35,418,121,58,257,413,71,67,125,259,78,113,125,259,78,113,10,116,94,285,343,109,364,371,242,53,167,176,242,56,168,173
376_blur.png,719,475,1,1,378,303,127,177,280,299,110,181,712,208,8,18,125,9,140,140,125,9,140,140,465,2,253,478
377_blur.png,629,330,91,91,430,22,98,145,430,22,98,145,597,11,123,148,5,0,440,308
378_blur.png,567,356,153,124,218,273,120,120,218,273,120,120,0,207,166,218,260,0,335,415,1,0,123,186
379_blur.png,228,283,72,72,228,283,72,72,452,123,268,194,702,0,18,42,559,0,1,1,345,0,187,137
37_blur.png,9,123,94,285,77,108,80,79,77,108,80,79,569,0,151,288,156,0,252,271
380_blur.png,32,318,152,152,32,318,152,152,300,268,76,109,300,268,76,109,327,75,134,134,327,75,134,134,137,39,176,200,137,39,176,200,475,0,128,73
381_blur.png,213,478,17,2,71,332,29,148,0,329,81,22,484,303,123,177,107,237,233,240,581,129,138,210,581,129,138,210,500,13,90,90,500,13,90,90,435,0,69,67,88,0,122,271,0,0,29,105
382_blur.png,358,370,362,101,370,365,1,1,372,316,104,52,476,248,244,97,7,174,135,100,7,174,135,100,177,129,247,308,54,0,215,183
383_blur.png,246,417,128,63,549,227,78,113,549,227,78,113,161,225,150,150,161,225,150,150,489,63,157,169,489,63,157,169,387,26,96,96,387,26,96,96
384_blur.png,295,321,70,70,295,322,70,68,44,322,155,103,44,322,155,103,557,193,92,181,557,193,92,181,537,58,183,150,502,0,72,47
385_blur.png,259,427,132,51,366,252,212,212,366,252,212,212,530,75,160,160,530,75,160,160,271,68,70,70,271,69,70,68
386_blur.png,710,458,10,22,401,453,8,27,402,450,1,1,409,403,93,76,647,381,33,99,691,379,29,59,320,347,87,126,634,238,84,142,457,224,147,165,457,224,147,165,254,88,144,144,254,88,144,144,616,71,88,129,616,71,88,129,506,0,94,66
387_blur.png,209,18,249,462,242,12,78,103,239,10,88,105
388_blur.png,640,184,1,1,234,103,156,239,234,103,156,239,477,74,232,190
389_blur.png,630,274,90,85,445,250,122,122,445,250,122,122
38_blur.png,147,330,19,150,473,314,175,166,28,26,299,454,389,0,95,95
390_blur.png,468,260,78,113,468,260,78,113,3,227,87,253,178,214,94,94,178,214,94,94,227,9,105,112,226,8,106,113,564,0,145,76,79,0,137,96
391_blur.png,467,351,87,66,466,351,89,65,379,150,122,92,379,152,120,90,631,0,89,134,207,0,145,62
392_blur.png,0,360,106,99,510,295,84,83,510,295,84,83,301,0,119,63
393_blur.png,379,151,162,166,379,151,162,166,0,131,67,280
394_blur.png,0,277,42,62,635,32,85,141,3,0,171,146
395_blur.png,162,435,14,45,36,253,263,226,477,207,186,220,477,207,186,220,14,144,106,119,202,1,134,134,202,1,134,134,380,0,340,113
396_blur.png,620,386,100,94,204,379,26,11,201,378,29,25,58,259,118,221,177,242,190,238,330,27,108,108,330,27,108,108,717,0,1,1,586,0,134,128
397_blur.png,51,346,90,90,51,346,90,90,649,336,66,70,649,336,66,70,530,290,84,122,530,290,84,122,679,119,42,67,41,54,72,76,41,54,72,76,317,0,257,301,1,0,39,73
398_blur.png,57,108,158,158,57,108,158,158,347,74,194,267,475,0,12,75,283,0,78,202
399_blur.png,414,407,121,73,512,287,153,193,115,235,104,155,115,235,104,155,221,158,290,322,614,19,106,213,108,0,293,162,0,0,91,119
39_blur.png,454,460,47,20,262,338,48,142,470,211,211,269,159,135,310,300,134,0,165,67
3_blur.png,19,400,136,80,18,258,96,142,18,258,96,142,238,184,350,226,620,26,91,275,48,0,168,220
400_blur.png,368,388,158,92,12,258,113,64,12,258,113,64,398,256,98,85,395,256,102,84,600,222,120,258,400,175,129,72,400,175,129,72,0,10,75,139,566,0,154,181,181,0,206,292
401_blur.png,76,399,132,81,410,297,65,56,409,298,67,56,516,170,91,77,515,171,93,77,380,58,1,1,379,46,1,1,384,0,205,142,378,0,2,42,0,0,379,286,139,163,1,1,0,0,180,132
402_blur.png,109,347,164,133,397,319,154,154,397,319,154,154,563,155,1,1,559,155,1,1,561,153,1,1,559,153,1,1,389,0,331,343
403_blur.png,103,371,206,107,261,293,86,85,261,293,86,85,517,0,141,90,110,0,128,79
404_blur.png,278,261,177,219,106,261,20,17,48,191,253,212,22,186,112,96,429,32,132,132,429,32,132,132,67,0,191,102
405_blur.png,390,478,20,2,251,386,73,94,325,370,53,40,520,326,24,154,544,324,1,1,545,322,1,1,457,322,87,158,545,320,1,1,560,298,1,1,335,298,63,71,561,273,22,28,394,193,32,104,466,173,1,1,164,110,69,52,163,107,71,56,484,95,222,385,392,58,92,91,371,0,20,65,289,0,137,192
406_blur.png,4,199,146,146,4,199,146,146,400,152,166,256,400,152,166,256
407_blur.png,9,224,76,75,10,224,74,74,456,71,166,166,456,71,166,166,0,9,71,128,629,0,91,147,60,0,147,67
408_blur.png,541,230,110,165,541,230,110,165,0,198,161,206,95,0,128,169
409_blur.png,0,302,86,142,101,260,332,220,612,0,104,128,265,0,211,196,52,0,170,110
40_blur.png,504,338,129,130,503,337,130,129,476,136,171,171,473,135,174,171,246,53,164,252,246,53,164,252
410_blur.png,607,359,113,121,6,196,94,284,173,68,326,307,173,68,326,307,21,67,127,93,21,67,127,93,606,11,114,291
411_blur.png,290,364,150,116,455,309,125,141,454,308,127,142,0,150,281,243,0,149,61,24,62,104,139,90,597,38,123,171
412_blur.png,141,216,189,264,328,212,1,1,323,199,1,1,0,164,322,166,321,147,87,86,440,2,219,315,440,2,219,315,0,0,124,165
413_blur.png,396,93,179,281,396,93,180,282,282,0,1,1,94,0,278,264
414_blur.png,427,394,95,58,427,394,95,58,219,275,151,205,630,250,90,118,68,0,198,101
415_blur.png,0,454,8,26,128,368,135,97,128,368,137,97,0,285,107,195,619,137,100,195,177,48,207,258,391,2,225,401,391,2,225,401
416_blur.png,462,0,206,206,359,0,112,65,16,0,113,94
417_blur.png,70,351,91,82,69,350,93,84,274,139,106,158,274,139,106,158,458,85,136,166,458,85,136,166
418_blur.png,214,476,32,4,257,367,169,111,11,327,245,153,514,304,190,175
419_blur.png,33,248,152,232,362,103,357,318,83,29,80,78,85,32,76,75
41_blur.png,611,300,109,132,172,53,158,243,172,53,158,243,558,0,76,82,386,0,155,147,18,0,121,306,3,0,1,1
420_blur.png,159,228,96,142,159,228,96,142,233,56,423,185,540,0,94,50
421_blur.png,21,300,147,180,0,100,75,101,311,70,55,39,367,9,332,471,519,0,144,88,309,0,7,84,136,0,215,480
422_blur.png,99,384,78,77,99,384,78,77,296,133,89,87,295,134,91,84,536,0,167,258
423_blur.png,555,319,162,161,352,240,131,223,40,97,108,161,40,97,108,161,339,20,268,235,458,0,23,56,139,0,228,383
424_blur.png,32,422,114,58,480,405,67,62,480,406,66,56,543,282,177,167,586,279,1,1,589,276,1,1,605,270,1,1,603,270,1,1,605,268,1,1,13,193,86,85,13,193,86,85,115,47,114,114,115,47,114,114,340,4,78,113,340,4,78,113,593,0,127,321,417,0,165,363
425_blur.png,661,266,59,39,524,260,196,134,661,338,1,1,346,30,118,118,346,30,118,118
426_blur.png,626,275,94,160,202,108,270,212,201,107,272,211,655,0,64,97,195,0,115,85
427_blur.png,138,257,136,136,138,257,136,136,217,103,76,109,217,103,76,109,652,89,61,178,386,0,186,100
428_blur.png,96,197,223,260,354,0,29,15,195,0,283,459
429_blur.png,572,435,81,45,464,218,76,109,464,218,76,109,151,169,175,249,151,169,175,249,0,100,64,107,115,0,152,113
42_blur.png,227,275,103,206,152,265,90,216,0,0,339,136
430_blur.png,84,401,129,79,719,133,1,1,417,108,106,106,417,108,106,106,25,79,579,399,595,0,116,292,202,0,133,175,53,0,96,49
431_blur.png,41,385,121,95,533,347,71,72,532,347,72,73,42,291,87,88,41,291,88,89,203,169,1,1,205,163,1,1,380,157,88,88,380,157,88,88,207,152,1,1,0,0,402,299,319,172,1,1
432_blur.png,123,295,167,115,123,295,167,115,2,285,60,171,375,271,322,209,254,70,237,166,253,70,238,166
433_blur.png,112,382,175,98,633,203,78,198,577,72,143,130,419,0,182,135,0,1,177,154
434_blur.png,0,448,45,32,0,332,211,148,334,205,146,223,334,205,146,223,0,102,125,208
435_blur.png,334,223,246,250,332,223,248,250,650,167,64,123,449,90,189,156,449,90,189,156,477,0,174,97
436_blur.png,719,476,1,1,611,387,109,93,440,354,72,103,440,354,72,103,213,204,153,203,243,202,1,1,336,200,1,1,335,201,1,1,320,185,1,1,321,183,1,1,198,120,122,83,0,67,171,172,339,0,133,221,308,0,31,182
437_blur.png,290,200,212,280,547,191,82,119,547,191,82,119,620,170,54,41,620,166,49,51,171,141,112,168,171,141,112,168,77,0,104,57
438_blur.png,482,372,126,108,217,368,176,112,47,198,90,90,47,198,90,90,415,53,1,1,225,51,88,129,225,51,88,129,432,40,1,1,429,40,1,1,432,36,1,1,411,0,251,293,433,0,47,39,433,0,6,35,341,0,70,57
439_blur.png,62,304,191,175,457,241,80,64,456,240,82,66,325,184,94,94,325,184,94,94,352,0,140,102
43_blur.png,457,411,12,69,457,409,1,1,459,321,195,121,257,186,306,294,270,91,130,197,270,91,130,197,638,68,82,148
440_blur.png,443,334,142,146,219,279,97,121,219,279,97,121,585,264,135,156,131,201,66,79,131,201,66,79,382,126,124,187,382,126,124,187,23,89,114,171,23,89,114,171
441_blur.png,562,339,75,59,561,338,77,61,634,329,75,151,520,96,9,8,520,0,83,63,508,0,11,63,310,0,390,213
442_blur.png,308,7,373,453
443_blur.png,350,471,1,1,351,437,31,32,348,421,34,15,341,415,1,1,0,327,137,153,284,283,250,197,602,255,118,217,231,99,142,140,231,99,142,140,0,98,76,113,428,0,239,118,269,0,146,103
444_blur.png,408,369,164,111,618,349,102,124,176,243,100,148,176,243,100,148,81,83,96,65,81,83,96,65
445_blur.png,561,428,75,52,38,370,123,110,363,359,95,121,639,243,81,129,523,86,113,130,523,86,113,130,47,0,60,35
446_blur.png,507,403,145,77,122,401,91,79,320,280,188,188,320,280,188,188,0,167,278,205,0,58,125,127,528,0,142,222,546,0,29,34,534,0,11,34,270,0,258,221
447_blur.png,0,373,97,18,503,333,117,147,359,220,146,223,359,220,146,223,586,201,106,106,586,201,106,106,0,78,171,339,556,51,85,78,556,51,89,78
448_blur.png,0,343,104,137,461,320,122,160,217,280,140,112,216,280,141,112,621,258,99,131,64,176,193,185,64,176,193,185,518,0,163,190,352,0,171,305,166,0,187,206
449_blur.png,623,246,97,151,175,200,203,230,174,199,204,222,0,192,125,288,414,0,306,119
44_blur.png,446,391,118,90,396,185,1,1,370,185,26,41,370,186,26,40,396,183,1,1,134,135,192,346,376,118,30,46,295,111,289,370,374,0,41,118,217,0,109,134,1,0,88,184
450_blur.png,0,391,41,89,503,193,116,174,503,193,116,174,301,112,1,1,161,0,272,406,137,2,163,126
451_blur.png,141,203,119,76,141,203,119,76,653,112,67,72,542,99,1,1,359,97,214,130,0,20,85,165,555,0,97,103,502,0,52,102,545,100,1,1,224,0,178,149
452_blur.png,0,402,76,78,606,398,114,82,109,288,124,111,111,288,127,107,288,254,103,90,287,255,105,89
453_blur.png,702,462,18,18,287,440,57,40,444,394,69,78,444,394,69,78,568,327,139,150
454_blur.png,550,300,170,172,518,211,85,76,518,212,88,73,0,158,154,134,271,0,199,143,0,0,56,66
455_blur.png,167,288,162,162,167,288,162,162,291,22,202,202,291,22,202,202,704,0,16,8,564,2,149,200
456_blur.png,0,320,139,160,417,216,204,264,164,130,147,191,164,130,147,191,79,0,101,124
457_blur.png,0,42,20,16,348,35,372,424,677,217,1,1,176,4,153,216,0,0,211,196,11,0,10,41
458_blur.png,89,395,69,85,187,200,533,251,351,142,369,205,0,96,97,246,261,56,83,93,258,54,92,94,447,14,105,108,447,14,105,108,150,4,155,80
459_blur.png,26,307,82,81,26,307,82,81,85,141,142,128,87,142,140,127,291,97,424,266,291,97,424,266,186,38,116,116,186,38,116,116
45_blur.png,327,361,118,118,327,361,118,118,226,178,100,99,226,178,100,99,42,0,194,195
460_blur.png,0,476,1,1,0,137,136,343,329,60,116,116,329,60,116,116,439,2,214,334,439,2,214,334
461_blur.png,712,457,8,23,66,412,80,68,527,347,188,128,155,169,183,311,363,166,141,124,363,166,141,124,309,8,196,136,0,0,83,95
462_blur.png,507,263,114,114,507,263,114,114,95,66,19,10,0,61,57,26,362,46,241,152,362,46,241,152,0,19,336,257,52,5,70,64
463_blur.png,707,435,13,45,514,391,13,89,288,197,432,231,546,0,15,103,357,0,354,221,1,0,128,176
464_blur.png,419,376,21,9,35,366,105,82,35,366,105,82,417,348,26,37,233,177,405,303,416,317,1,1,545,83,175,190,40,0,265,175
465_blur.png,482,229,78,113,482,229,78,113,0,40,193,315
466_blur.png,0,309,20,29,255,248,250,173,255,248,250,173,0,148,185,332
467_blur.png,603,424,88,56,370,388,143,85,370,388,143,85,560,318,84,83,560,318,84,83,315,165,219,203,314,165,217,200,207,64,96,96,207,64,96,96,334,0,363,253
468_blur.png,613,406,109,75,625,0,86,51,377,0,6,101,8,0,458,270
469_blur.png,463,247,176,231,463,247,176,231,0,222,139,258,24,127,100,99,24,127,100,99,182,0,193,333,169,0,58,92
46_blur.png,671,380,49,79,84,176,178,178,84,176,178,178,625,0,95,160
470_blur.png,639,371,81,30,517,282,121,198,367,162,192,106,367,162,192,106,620,150,99,123,11,133,86,262,259,9,110,165,259,9,110,165,687,0,33,117,383,0,252,149,60,0,179,185
471_blur.png,410,241,229,239,199,110,170,170,199,110,170,170,0,11,103,203,539,0,127,190
472_blur.png,224,376,75,104,298,298,360,182,0,196,122,284,676,0,44,82,566,0,154,333,114,0,318,340,159,0,22,145
473_blur.png,255,379,186,101,62,72,1,1,95,56,1,1,93,56,1,1,296,49,69,62,0,0,714,432,355,0,28,111,292,0,30,50,95,0,176,55,0,0,63,121
474_blur.png,370,409,1,1,346,407,72,73,468,258,120,107,467,258,122,105,0,201,43,58,204,117,230,293,204,117,230,293,0,11,231,433,195,0,110,55
475_blur.png,423,269,223,32,0,170,264,142,256,168,454,244,161,0,3,14,23,0,302,149
476_blur.png,372,346,130,92,371,346,132,92,352,210,1,1,223,109,238,274,11,105,128,194,11,105,128,194,458,0,176,134,351,0,78,209,212,0,126,118,9,0,88,69
477_blur.png,146,271,69,62,145,271,71,63,378,243,157,237,359,145,94,89,358,145,96,88,482,0,149,205
478_blur.png,126,327,136,153,575,243,145,166,200,184,336,167,451,0,138,94,10,0,120,105
479_blur.png,193,268,44,212,0,195,306,137,489,171,1,1,196,169,307,224,480,149,1,1,479,147,1,1,477,142,1,1,102,108,141,68,102,108,141,68,490,36,169,182,286,14,235,200
47_blur.png,316,90,1,1,287,72,1,1,0,7,136,252,549,0,109,132,321,1,121,95,177,0,194,370
480_blur.png,311,346,165,97,557,146,156,239,557,146,156,239,157,131,185,237,156,131,184,237,0,0,182,250
481_blur.png,578,357,85,123,293,321,139,159,0,297,83,181,0,83,277,240,587,70,133,177,484,30,116,138,485,29,115,139
482_blur.png,25,426,25,54,0,425,47,1,50,423,1,1,90,393,1,1,87,393,1,1,95,369,81,111,594,218,126,217,9,197,91,195,422,1,164,147,3,0,86,64
483_blur.png,102,316,198,135,102,316,198,135,437,163,160,246,437,163,160,246,463,0,198,130
484_blur.png,535,342,144,133,534,339,145,136,209,44,358,324,209,44,358,324,389,171,33,43,569,0,89,29
485_blur.png,262,324,141,110,260,324,144,111,547,212,76,75,548,212,74,74,651,172,69,85,679,90,41,11,311,77,150,230,311,77,150,230,0,66,120,161,527,39,193,113,189,27,108,108,189,27,108,108,367,0,153,58
486_blur.png,0,289,148,169,223,245,208,235,402,235,82,89,402,235,82,89,0,212,62,82,634,192,86,148,102,2,76,66
487_blur.png,231,324,164,156,459,273,198,198,459,273,198,198,0,250,88,95,246,230,1,1,245,228,1,1,115,185,134,132,115,185,132,132,652,152,68,90,243,124,166,161,397,7,156,80,32,0,157,117
488_blur.png,267,479,1,1,417,457,2,23,416,408,96,64,102,377,89,103,41,267,374,180,0,194,62,78,70,142,102,66,70,142,102,66,482,0,238,82,325,0,149,96
489_blur.png,719,479,1,1,648,370,72,110,376,311,1,1,370,251,131,130,280,196,98,148,30,149,57,331,394,49,181,180,296,16,126,126,171,0,47,480,13,0,48,148
48_blur.png,135,351,141,95,137,346,138,103,610,163,110,111,0,114,196,158,369,6,279,289,143,0,193,123,0,0,103,57
490_blur.png,521,397,1,1,418,397,102,83,578,389,142,91,36,230,94,139,36,230,94,139,688,203,32,133,329,114,128,161,329,114,128,161,521,101,199,295,282,0,274,118
491_blur.png,0,247,150,34,41,231,607,249,0,126,336,236,549,106,171,165,711,83,1,1,706,78,14,6,700,0,20,31,454,0,179,111
492_blur.png,211,362,132,118,186,182,135,137,185,182,136,138,376,86,281,394,253,0,154,118
493_blur.png,497,370,160,110,69,308,1,1,73,305,1,1,70,305,1,1,76,304,1,1,74,302,1,1,0,302,66,7,79,301,1,1,76,301,1,1,82,300,1,1,79,299,1,1,44,295,109,84,203,232,102,102,203,232,102,102,0,112,104,187,405,53,315,303
494_blur.png,367,281,1,1,366,278,1,1,365,275,1,1,364,271,1,1,363,266,1,1,235,202,136,207,235,202,136,207,362,155,190,190,632,0,88,89,451,0,85,107
495_blur.png,340,0,380,248,108,0,87,57
496_blur.png,273,282,92,135,273,282,92,135,612,224,108,45,546,206,67,17,395,204,169,143,522,184,1,1,457,183,64,55,670,0,50,126,505,0,23,183
497_blur.png,244,422,67,58,0,365,97,115,368,270,256,167,306,204,1,1,303,203,1,1,305,202,1,1,304,200,1,1,559,195,10,8,570,191,1,1,163,177,164,205,570,153,85,42,656,136,64,43,301,97,137,151,313,222,1,1,464,44,256,243,111,20,116,174,111,20,116,174
498_blur.png,387,328,83,152,472,286,128,194,255,198,98,145,255,198,98,145,215,131,96,68,215,131,96,68,25,125,143,98,25,125,143,98,575,42,145,248
499_blur.png,79,375,119,80,79,375,119,80,504,205,214,275,301,0,172,75,145,0,150,91
49_blur.png,269,346,105,134,58,343,61,64,57,343,63,67,412,298,123,182,295,6,175,246,295,6,175,246,703,0,17,135,552,0,168,328,109,0,149,224
4_blur.png,109,125,116,174,109,125,116,174,560,74,160,200,271,0,174,146,0,0,172,107
500_blur.png,0,358,22,35,558,351,162,108,231,342,195,138,0,243,79,200,613,210,107,141,279,131,80,85,279,131,80,85,0,0,69,91
501_blur.png,576,163,144,263,0,134,164,301,172,32,360,347,429,9,124,110,579,0,123,80
502_blur.png,219,58,144,220,219,58,144,220,453,18,212,105,453,18,212,105,0,0,167,78
503_blur.png,422,411,136,69,574,17,146,154,0,0,137,90
504_blur.png,595,238,72,72,595,238,72,72,307,218,166,262,74,90,183,251,74,90,183,251,329,54,73,70,328,56,75,66,705,0,15,20,569,5,142,129,0,0,179,114
505_blur.png,416,219,162,249,416,219,162,249,136,153,184,151,136,153,189,151,526,0,109,84
506_blur.png,434,388,141,92,0,362,57,118,244,354,178,126,580,209,140,152,621,0,99,73
507_blur.png,73,326,149,154,177,224,168,256,296,142,76,75,297,142,74,74
508_blur.png,374,230,81,93,374,230,81,93,464,142,124,124,464,142,124,124,29,138,268,258,263,136,1,1,222,98,1,1,30,78,70,100,107,75,1,1,110,74,1,1,113,73,108,80,609,0,109,213,265,0,93,138,222,0,3,97,107,0,27,74,48,0,58,77
509_blur.png,447,255,86,126,447,255,86,126,328,161,53,60,327,160,53,64,0,103,92,162,564,1,92,84,351,0,146,131,43,0,118,90
50_blur.png,520,339,173,141,265,290,160,190,126,119,120,120,126,119,120,120,545,0,163,227,237,0,193,142
510_blur.png,266,112,274,319,8,0,276,210
511_blur.png,342,382,89,63,342,382,90,63,553,251,1,1,315,227,132,132,315,227,132,132,0,32,178,301,499,0,150,431,564,251,1,1,386,0,169,250
512_blur.png,586,408,134,72,448,319,156,156,448,319,156,156,544,212,108,108,544,212,108,108,151,128,76,75,152,128,74,74
513_blur.png,213,378,76,62,212,369,77,71,496,356,187,124,479,0,241,358,317,0,148,183,99,0,206,131
514_blur.png,645,337,76,63,88,239,195,142,88,239,195,142,445,99,276,311,0,99,114,130,498,68,96,124,593,0,60,67
515_blur.png,344,399,92,81,202,278,92,135,202,278,92,135,265,173,183,134,265,173,183,134,0,160,93,97,448,0,272,187
516_blur.png,112,392,66,89,569,326,118,118,569,326,118,118,0,264,178,127,238,176,148,305,236,174,1,1,392,147,269,183,392,147,269,183,202,142,1,1,0,126,201,83,242,0,247,182,189,0,92,141
517_blur.png,589,133,82,81,589,133,82,81,581,0,139,129,433,0,134,140
518_blur.png,287,232,271,239,286,232,272,237,59,230,245,147,59,230,245,147,206,128,74,106,206,128,74,106,0,81,80,106,389,54,96,142,389,54,96,142,467,0,164,128
519_blur.png,546,388,70,70,546,389,70,68,459,74,231,164,459,74,231,164,558,0,120,53
51_blur.png,590,364,130,116,200,204,71,171,256,0,293,480,193,0,56,203
520_blur.png,62,416,72,64,283,333,124,147,454,234,200,246,576,9,131,216,576,9,131,216,52,0,250,163
521_blur.png,75,294,84,122,75,294,84,122,208,180,214,212,210,180,212,212,17,94,229,127,17,94,229,127
522_blur.png,578,422,128,58,0,376,119,104,175,265,244,122,622,167,1,1,358,145,362,187,425,121,7,33,431,119,1,1,485,13,235,48,468,0,16,25,232,0,198,255
523_blur.png,550,338,168,85,550,338,168,85,177,270,88,129,177,270,88,129,448,65,190,190,448,65,190,190
524_blur.png,123,366,73,114,581,290,82,119,581,290,82,119,407,245,120,181,407,245,120,181,283,237,1,1,281,237,1,1,284,228,1,1,0,226,151,137,285,223,1,1,203,155,169,177,88,68,133,90,0,63,90,38,585,0,132,176,249,0,39,222,86,0,21,32
525_blur.png,636,387,1,1,406,272,124,187,406,272,124,187,172,217,84,122,172,217,84,122,572,194,148,266,59,193,109,72,59,193,109,72,617,76,103,53,511,43,105,158,324,0,92,67
526_blur.png,474,423,45,57,282,318,112,162,376,207,72,103,376,207,72,103,452,144,200,336,418,98,102,63,418,98,102,63,5,91,245,291,5,91,245,291,202,0,272,107
527_blur.png,26,277,122,122,26,277,122,122,152,234,140,140,152,234,140,140,0,13,150,88,332,0,170,93,332,0,170,94
528_blur.png,379,373,186,107,283,192,76,75,284,192,74,74,465,9,255,264
529_blur.png,306,305,72,103,306,305,72,103,37,294,136,186,393,163,176,219,393,164,174,218,549,64,171,266,298,24,147,95,298,24,147,95,48,0,194,246,14,0,70,90
52_blur.png,254,331,266,149,545,323,160,157,631,0,89,221,0,1,194,166,97,0,8,11
530_blur.png,23,336,184,144,448,273,272,185,686,237,34,134,53,180,110,110,53,180,110,110,252,87,253,227,563,67,157,99,319,0,188,109,72,0,109,86
531_blur.png,660,211,60,132,390,204,117,73,390,204,117,73
532_blur.png,624,337,76,75,625,337,74,74,80,292,136,188,309,236,95,116,309,236,95,116,643,185,77,97,719,154,1,1,0,126,156,172,604,60,116,124,229,0,164,227
533_blur.png,528,377,114,98,69,315,212,165,254,222,135,64,254,222,135,64,552,70,168,217,440,0,91,109,5,0,235,179
534_blur.png,389,347,190,133,616,281,104,24,476,259,175,116,502,156,218,114,151,62,1,1,145,60,1,1,76,59,67,21,0,38,75,42,508,26,108,108,508,26,108,108,29,30,403,381,28,30,404,382,260,297,12,16,258,295,3,18,240,251,1,1,0,0,261,243
535_blur.png,182,408,129,72
536_blur.png,0,406,50,74,566,325,43,155,0,315,146,165,556,185,164,139,256,0,227,374
537_blur.png,466,406,136,72,182,400,17,80,603,386,117,42,612,229,108,109,675,214,1,1,677,204,43,11,609,127,68,103,11,106,279,374,471,0,177,111,0,0,182,95
538_blur.png,0,325,231,152,0,156,201,156,357,130,1,1,359,128,1,1,357,127,1,1,347,117,1,1,228,107,225,320,335,32,106,106,42,0,139,135
539_blur.png,405,355,114,125,213,199,113,176,213,199,113,176,609,10,73,69,608,10,75,70,450,0,128,99,0,0,115,160
53_blur.png,474,386,70,94,476,383,1,1,119,319,90,132,119,319,90,132,362,298,171,96,362,300,116,91,532,219,155,261,490,121,1,1,492,93,228,29,409,74,84,120,207,31,106,158,207,31,106,158,419,0,28,73
540_blur.png,494,365,138,115,263,346,1,1,212,251,154,170,0,38,83,152,488,0,185,220,131,2,110,57
541_blur.png,191,311,76,109,191,311,76,109,430,0,204,109,272,0,145,125
542_blur.png,525,373,157,107,513,200,207,165,4,189,86,86,4,189,86,86,462,22,258,230
543_blur.png,232,360,180,106,232,360,180,106,0,148,263,284,593,40,130,206,61,0,211,158
544_blur.png,377,359,92,121,606,208,114,249,0,0,111,168
545_blur.png,21,356,112,112,21,356,112,112,2,61,311,255,500,0,169,480,322,0,156,480
546_blur.png,313,97,197,132,313,97,197,132,560,24,160,200,64,0,178,90
547_blur.png,663,442,57,38,569,350,151,129,309,344,76,75,310,344,74,74,63,35,263,300,63,35,263,300,0,0,91,95
548_blur.png,0,468,18,12,0,371,92,109,248,14,64,71,245,11,71,72
549_blur.png,446,280,184,139,446,280,184,139,197,228,149,178,197,228,149,178,583,42,137,249,317,0,100,102,22,0,245,161
54_blur.png,76,328,147,102,380,261,97,107,379,260,98,106,71,189,132,142,43,0,170,110
550_blur.png,44,325,108,155,197,275,108,108,197,275,108,108,421,201,1,1,421,199,1,1,433,182,1,1,432,179,1,1,412,140,249,209,0,14,157,160,433,0,68,178,269,0,151,226
551_blur.png,301,80,82,119,301,80,82,119,648,17,72,135,371,2,224,326
552_blur.png,321,215,74,74,335,209,180,144,383,112,101,82,383,112,101,82,492,0,73,62,226,0,137,126,0,0,207,207,0,0,11,74
553_blur.png,325,339,108,108,325,339,108,108,463,297,160,104,463,297,160,104,612,214,108,101,331,111,117,78,331,111,117,78,0,0,341,375,0,0,134,140
554_blur.png,466,275,142,101,466,275,142,101,151,136,174,269,151,136,174,269,622,10,99,29,607,0,14,21,311,0,410,261,58,0,134,74
555_blur.png,549,385,98,95,67,313,154,115,66,313,155,116,592,160,90,132,592,160,90,132,0,25,166,203,587,0,63,49,492,0,17,41,284,0,301,262,45,0,28,41
556_blur.png,344,234,72,103,344,234,72,103,196,167,130,197,196,167,130,197
557_blur.png,374,29,297,388,267,0,154,41,28,0,207,317
558_blur.png,41,341,78,77,41,341,78,77,560,303,92,135,560,303,92,135,227,198,363,264,122,54,200,204,122,54,200,204
559_blur.png,7,354,262,126,478,334,164,124,480,334,165,123,610,198,109,119,446,122,144,220,446,122,144,220,0,74,16,26,703,0,17,9,610,0,10,6,607,0,1,1,323,0,331,197,0,0,199,255
55_blur.png,201,284,90,90,201,284,90,90,577,216,76,264,53,198,116,116,53,198,116,116,353,162,237,100,252,19,187,164,158,4,311,476,615,0,50,217,481,0,109,224,0,0,157,169
560_blur.png,0,468,35,12,459,452,20,28,446,447,12,33,251,298,26,182,0,280,148,200,452,234,174,246,209,141,242,252,643,0,77,74,0,1,130,112
561_blur.png,259,281,112,168,259,281,112,168,408,264,300,198,408,264,301,198,427,55,167,183,426,55,169,183,668,45,52,67,0,14,184,210
562_blur.png,195,342,116,138,96,298,100,64,96,298,100,64,716,0,1,1,582,0,138,221,290,0,191,290
563_blur.png,368,338,86,126,368,338,86,126,147,148,76,109,147,148,76,109,378,0,153,125
564_blur.png,611,348,104,104,611,348,104,104,122,64,84,83,122,64,84,83,370,50,76,109,370,50,76,109,581,3,140,301
565_blur.png,0,301,123,121,0,264,66,51,626,195,94,152,124,151,205,308,374,0,282,342,102,0,183,164
566_blur.png,64,193,92,92,64,193,92,92,257,1,243,240,384,0,22,98,214,0,103,120
567_blur.png,598,403,122,77,458,374,97,106,41,367,99,71,0,360,61,21,557,257,163,118,6,213,134,155,572,160,148,58,550,109,1,1,347,73,240,168,671,0,49,69,549,0,51,107,209,0,190,109
568_blur.png,8,307,135,173,280,243,82,101,280,243,82,101,78,143,147,200,549,126,171,189,284,45,103,130,284,45,103,130,0,0,239,148
569_blur.png,304,387,84,83,304,387,84,83,137,382,51,98,135,381,1,1,125,376,1,1,0,371,123,44,108,311,26,70,129,378,1,1,127,377,1,1,585,153,135,124,17,130,217,253,626,124,94,29,623,75,97,77,719,0,1,1,470,0,140,164,169,0,71,75
56_blur.png,0,264,189,183,235,183,200,299,571,147,78,77,571,147,78,77,0,6,197,196
570_blur.png,51,412,41,68,0,395,52,16,547,386,88,88,547,386,88,88,395,386,120,94,285,341,109,139,0,102,319,378
571_blur.png,371,181,98,145,371,181,98,145,571,0,149,65,252,0,255,176
572_blur.png,0,436,60,44,185,235,130,145,185,235,130,145,212,76,74,106,212,76,74,106,369,0,211,319
573_blur.png,0,384,167,79,450,302,78,61,450,301,78,62,552,177,163,160,403,82,96,79,447,0,19,83,392,0,36,99,1,0,144,87
574_blur.png,11,209,115,271,243,180,256,130,243,180,256,130,191,121,99,56,191,121,99,56,597,0,93,51
575_blur.png,0,378,77,102,592,298,122,182,299,262,92,135,299,262,92,135,386,186,104,155,386,186,104,155,587,0,132,266
576_blur.png,130,328,144,144,130,328,144,144,318,300,311,180,0,102,194,314,356,25,349,210,356,25,349,210
577_blur.png,586,185,98,145,586,185,98,145,340,0,134,133,117,0,7,45,3,0,194,164
578_blur.png,361,390,84,85,360,389,86,86,563,337,106,106,563,337,106,106,164,274,132,132,164,274,132,132,350,198,110,110,350,198,110,110,16,36,204,204,16,36,204,204,365,0,116,109
579_blur.png,535,182,143,125,537,184,141,121,0,78,128,202,667,0,52,96,237,0,89,129
57_blur.png,348,297,161,183,366,100,132,132,366,100,132,132,641,91,79,124,179,89,183,281,179,89,183,281
580_blur.png,568,473,1,1,468,374,252,104,540,0,154,143,197,0,315,413
581_blur.png,647,291,73,108,177,261,141,75,177,261,141,75,270,120,258,140,305,52,111,61,305,52,111,61,47,0,138,209
582_blur.png,203,135,211,128,203,135,211,128,631,67,86,259,414,0,204,231
583_blur.png,240,374,123,106,327,243,51,56,326,242,51,60,563,114,116,174,563,114,116,174,273,6,82,119,273,6,82,119,7,0,247,385
584_blur.png,228,316,113,97,226,320,116,94,614,188,106,124,443,110,173,140,442,110,175,141,0,61,83,110,665,1,55,64,350,0,177,129,33,0,323,357
585_blur.png,644,343,76,106,336,342,79,85,335,341,86,87,4,278,108,161,4,278,108,161,100,0,58,30,20,0,254,224
586_blur.png,539,373,181,88,541,367,1,1,568,320,10,12,4,192,113,262,71,190,1,1,144,160,206,206,144,160,206,206,548,146,172,43,0,15,111,161,41,167,1,1,541,0,52,147,273,0,266,376,76,0,184,192,112,0,3,19
587_blur.png,0,377,84,103,281,308,292,172,0,148,55,121,448,46,90,90,448,46,90,90
588_blur.png,281,269,97,96,280,268,107,97,0,259,65,96,428,255,151,141,431,252,155,144,198,190,102,101,198,190,102,101,615,113,105,165,0,56,173,167,0,25,110,48
589_blur.png,574,187,146,140
58_blur.png,614,229,106,118,402,77,159,196,402,77,159,196,55,60,128,88,55,60,128,88,350,0,191,43
590_blur.png,0,479,1,1,0,387,161,93,149,328,161,152,0,194,118,102,578,144,142,155,43,109,70,70,43,110,70,68
591_blur.png,158,436,73,44,376,254,164,164,376,254,164,164,180,116,80,79,180,116,80,79,3,7,122,122,3,7,122,122
592_blur.png,331,298,1,1,181,232,149,248,299,206,186,274,600,86,120,176
593_blur.png,422,364,86,94,422,364,86,94,0,119,121,207,187,29,106,106,187,29,106,106,648,0,72,89,245,0,385,240
594_blur.png,319,369,162,111,0,321,115,145,623,320,1,1,623,317,1,1,629,315,1,1,627,315,1,1,631,314,1,1,602,310,63,68,561,244,82,81,148,131,258,282,269,304,1,1,148,131,257,282,498,6,166,85,30,0,205,190
595_blur.png,287,388,110,92,421,290,72,103,421,290,72,103,36,289,104,191,0,219,256,173,469,117,138,138,469,117,138,138,140,4,268,281,140,4,268,281,468,0,252,127,0,0,109,64,7,0,1,1
596_blur.png,394,265,273,208,149,246,158,234,294,51,288,311,0,26,117,265
597_blur.png,1,378,76,75,2,378,74,74,675,334,44,122,563,136,75,73,562,135,77,73,667,14,53,84,547,0,73,60,407,0,1,1,128,0,407,200,0,1,51,82
598_blur.png,376,178,219,142,376,178,219,142,425,0,10,120,174,0,279,177
599_blur.png,673,302,47,178,423,260,88,220,677,195,43,16,224,147,93,126,224,147,93,126,512,77,182,212,331,43,65,86,331,43,65,86,25,0,234,212,60,0,3,66
59_blur.png,0,459,26,21,365,343,1,1,122,331,346,149,453,222,190,190,453,222,190,190,0,70,394,283,2,59,94,185
5_blur.png,172,327,112,110,172,327,112,110,406,258,87,86,406,258,87,86,10,0,124,119
600_blur.png,227,166,137,101,227,166,137,101,68,70,95,73,68,70,97,73,311,24,107,80,311,24,107,80,432,0,160,67
601_blur.png,282,417,84,63,712,403,8,77,513,237,206,243,350,52,1,1,0,4,38,68,261,0,205,163,348,0,3,51
602_blur.png,0,337,133,143,432,311,133,169,253,129,176,351,502,0,112,152
603_blur.png,143,396,176,84,0,167,116,216,369,112,259,305,365,112,263,303,51,0,183,94
604_blur.png,391,349,102,131,256,261,134,219,455,222,265,149,537,17,183,255,309,0,115,155,315,0,19,43,308,0,7,53,128,0,182,155
605_blur.png,538,386,84,69,537,386,86,69,0,317,54,163,630,284,31,196,307,214,341,225,692,179,28,29,439,176,177,100,185,95,78,77,185,95,78,77,446,19,142,115,444,22,139,111,590,0,27,175,250,0,131,100
606_blur.png,253,280,188,200,423,219,153,179,423,219,153,179,38,98,214,214,38,98,214,214
607_blur.png,428,408,104,72,43,46,186,178,40,45,189,176,446,0,199,216
608_blur.png
609_blur.png,560,401,153,79,446,348,128,98,446,348,128,98,90,110,160,246,90,110,160,246,562,107,95,79,562,108,98,76,280,0,238,113
60_blur.png,699,448,21,32,549,361,25,119,209,248,232,182,209,248,233,182,92,200,108,161,92,200,108,161,485,184,235,176,196,1,314,210
610_blur.png,197,264,145,216,0,255,98,31,103,97,46,72,97,92,144,221,1,87,103,87,176,0,35,93,72,0,77,96
611_blur.png,0,477,1,1,428,402,118,78,0,360,44,38,0,278,44,81,304,268,178,178,304,268,178,178,261,0,121,145,96,0,62,480
612_blur.png,0,317,37,106,205,0,224,295
613_blur.png,102,375,174,105,0,165,151,262,607,161,113,63,428,133,292,301,547,45,107,107,547,45,107,107,242,35,90,132,242,35,90,132,358,19,146,146,358,19,146,146
614_blur.png,428,281,40,199,11,196,82,60,11,196,82,60,263,103,329,377,218,3,72,38
615_blur.png,629,311,91,169,416,231,100,99,416,231,100,99,105,193,104,104,105,193,104,104,174,140,105,60,174,140,105,60
616_blur.png,312,278,203,171,2,57,39,109,189,0,196,85
617_blur.png,154,393,137,87,315,247,117,134,315,247,117,134,6,86,129,151,6,86,129,151,654,42,66,109
618_blur.png,90,277,88,63,90,277,88,63,574,207,146,186,82,46,210,210,82,46,210,210
619_blur.png,147,477,1,1,0,218,316,262,491,219,95,116,490,218,103,117,373,26,195,221,120,0,197,145
61_blur.png,0,306,181,174,207,64,244,365,596,31,90,132,596,31,90,132
620_blur.png,575,447,63,33,582,353,121,127,448,267,142,213,0,239,186,241,95,134,292,346,0,132,94,100,446,33,149,155,446,33,149,155,280,1,140,213,280,1,140,213
621_blur.png,204,441,83,39,537,278,75,75,537,278,75,75,0,217,89,90,296,28,154,236,296,28,154,236,500,24,157,157,500,24,157,157
622_blur.png,117,387,92,93,331,129,252,247,552,7,168,154
623_blur.png,311,329,84,122,311,329,84,122,396,170,176,138,396,170,176,138,353,112,75,58,353,112,75,58,0,109,13,13,0,101,13,7,0,8,180,165,431,0,102,148
624_blur.png,225,385,58,95,586,368,134,111,330,246,144,234,58,212,271,265,604,146,100,99,604,146,100,99,0,121,104,190,400,118,102,102,400,118,102,102,234,0,196,135
625_blur.png,450,385,226,91,312,0,320,192,0,0,207,235,0,0,67,135
626_blur.png,188,278,134,202,400,199,197,281,588,140,132,151,144,69,126,126,144,69,126,126,136,0,104,63
627_blur.png,238,322,61,61,237,321,67,63,114,212,131,132,115,215,132,130,24,155,108,108,24,155,108,108,414,132,70,73,413,131,76,73,34,14,114,114,34,14,114,114,535,0,184,267
628_blur.png,163,478,1,1,0,419,26,61,179,286,129,194,0,216,178,172,581,192,128,194,581,192,128,194,328,0,162,111
629_blur.png,19,179,305,234,630,104,90,58,162,0,98,151
62_blur.png,603,431,117,49,129,296,224,163,129,296,224,163,466,283,254,197,388,59,86,86,388,59,86,86,623,57,97,191
630_blur.png,319,415,129,65,0,317,81,69,274,252,154,154,274,252,154,154,710,198,10,21,477,131,243,155,168,6,328,244,168,0,210,120,5,0,196,113
631_blur.png,0,266,76,116,0,128,76,118
632_blur.png,0,466,8,14,265,292,301,188,0,277,69,30,70,214,187,266,640,210,80,239,557,108,136,136,557,108,136,136,341,105,129,108,301,39,84,121,0,0,119,151
633_blur.png,410,275,185,180,419,3,178,274
634_blur.png,359,195,361,195,471,185,249,90,121,171,147,110,123,173,145,108,0,115,68,113,446,35,92,71,445,35,93,71
635_blur.png,383,267,337,204,426,258,1,1,430,256,1,1,428,255,1,1,433,254,1,1,435,245,88,80,524,183,196,142,267,66,255,220,549,0,114,168
636_blur.png,617,157,103,108,212,71,377,409,340,0,121,90
637_blur.png,0,450,43,30,0,322,73,42,71,231,139,249,282,175,162,249,282,175,162,249,329,4,112,143,329,4,112,143
638_blur.png,184,94,292,358,570,0,120,223,222,0,62,138,89,0,128,284
639_blur.png,126,98,178,128,126,98,178,128
63_blur.png,164,246,291,234,514,19,108,96,514,19,108,96,55,0,209,143
640_blur.png,441,366,171,114,0,283,92,197,411,245,114,114,411,245,114,114,607,164,113,262,95,129,82,81,95,129,82,81,292,51,221,157,292,51,221,157,525,0,195,116,0,0,171,120
641_blur.png,43,408,66,69,541,329,126,132,540,328,127,134,292,0,169,164
642_blur.png,275,354,168,120,275,354,168,120,471,269,168,120,471,269,168,120,68,230,186,250,73,29,152,152,73,29,152,152
643_blur.png,544,417,89,54,544,417,89,54,504,274,216,124,55,208,128,128,55,208,128,128,598,110,122,117,423,0,165,216,340,0,85,96
644_blur.png,461,305,1,1,458,304,1,1,463,303,1,1,461,302,1,1,640,304,73,66,639,304,75,67,468,300,1,1,436,293,117,116,254,90,314,309,36,29,223,320,2,0,63,125
645_blur.png,25,387,92,93,601,339,114,141,514,325,105,155,395,220,163,152,398,221,161,151,336,140,122,117,338,141,124,115,129,0,132,64
646_blur.png,57,307,77,79,57,307,77,79,626,0,94,78,349,0,180,135
647_blur.png,420,358,151,122,94,0,198,176
648_blur.png,179,391,158,89,88,244,120,181,88,244,120,181,233,226,156,122,233,226,156,122
649_blur.png,160,441,77,39,519,333,112,113,518,332,112,112,524,130,176,172,13,17,174,167,14,20,172,157,560,0,130,109,153,3,349,384,270,0,99,138
64_blur.png,21,231,200,200,21,231,200,200,506,126,102,102,506,126,102,102
650_blur.png,125,430,195,51,0,360,40,5,215,290,222,191,573,280,149,197,0,263,43,100,0,162,214,129,409,33,131,75,358,3,330,299,509,0,37,67
651_blur.png,489,427,231,53,401,350,93,130,53,223,89,73,53,229,89,67,156,53,196,333,156,53,196,333,495,4,225,392
652_blur.png,282,426,75,54,99,312,72,57,99,312,72,57,386,82,193,361,386,82,193,361,185,22,171,138,185,22,171,138,452,0,76,65,56,0,82,116
653_blur.png,21,403,68,77,37,154,58,248,0,65,95,88,283,28,195,270,283,28,195,270,578,0,141,209,136,0,215,480,0,0,61,49
654_blur.png,93,478,1,1,429,479,48,2,24,418,160,63,632,377,73,104,204,292,105,189,0,256,1,1,310,171,337,236,0,117,163,308,635,0,83,242,156,0,255,201
655_blur.png,221,308,82,64,221,308,82,64,0,225,111,132,587,151,133,110,713,0,7,13,623,0,97,138,303,3,206,130,220,7,83,32
656_blur.png,261,394,113,70,261,394,113,70,331,140,132,132,331,140,132,132,637,0,83,57,133,0,229,63
657_blur.png,0,478,1,1,5,328,142,152,109,85,390,328,419,0,232,134
658_blur.png,0,445,64,35,319,249,214,231,0,185,224,295,539,86,181,249,448,7,79,78,446,0,49,43,313,0,138,178
659_blur.png,6,312,110,168,421,299,299,161,424,294,1,1,425,292,1,1,425,290,1,1,504,251,1,1,360,233,143,72,503,175,217,170
65_blur.png,19,157,202,314,19,157,202,314,174,0,200,108
660_blur.png,344,384,156,96,86,322,255,158,358,27,265,164,358,27,265,164
661_blur.png,539,473,1,1,0,470,18,10,377,259,343,221,0,236,124,244,638,110,75,207,0,1,378,262,0,0,85,154
662_blur.png,465,323,140,157,0,199,256,241,234,93,230,387,0,47,98,195,504,1,216,154,91,0,353,77
663_blur.png,0,393,55,87,286,335,19,145,305,333,1,1,306,331,1,1,306,329,1,1,587,290,133,128,316,269,140,211,232,224,83,122,78,66,189,190,77,66,190,188,552,61,155,165,552,60,155,166
664_blur.png,615,261,105,126,311,209,160,246,311,209,160,246,557,0,153,95,1,0,105,120
665_blur.png,190,375,130,105,307,364,106,116,0,364,106,116,432,293,124,187,432,293,124,187,188,121,121,143,223,0,182,352,233,0,81,121
666_blur.png,66,403,184,72,523,382,133,98,248,262,255,177,248,262,255,177,570,196,9,13,590,191,1,1,592,190,1,1,594,189,1,1,572,188,20,21,583,193,1,1,585,192,1,1,554,187,96,142,593,165,127,61,386,111,169,160,410,108,1,1,452,45,268,70,353,41,98,70
667_blur.png,5,189,98,145,5,189,98,145,532,136,158,168,532,136,158,168,528,0,192,144,410,0,88,81,11,0,207,174
668_blur.png,549,211,127,269,113,191,214,289,438,118,121,125,320,49,143,431,425,0,145,58
669_blur.png,0,368,187,111,0,105,113,111,0,63,26,4,306,35,206,320,306,35,206,320,26,5,88,117,52,90,1,1,469,0,132,83,261,0,84,63
66_blur.png,618,367,84,86,618,367,84,86,265,346,79,134,116,316,140,164,530,297,80,79,530,297,80,79,345,260,146,150,345,260,146,150,0,86,159,243,23,0,146,74
670_blur.png,43,351,246,129,345,228,1,1,342,227,1,1,340,226,1,1,343,225,1,1,336,225,1,1,270,224,122,184,245,134,97,91,244,131,1,1,243,128,1,1,594,121,104,155,594,121,104,155,70,77,183,230,101,73,1,1,127,28,109,81,237,25,280,209,124,0,2,43,35,0,64,78
671_blur.png,536,181,149,159,536,181,149,159,261,71,146,156,261,71,146,156,575,0,145,91,0,0,123,180
672_blur.png,206,365,198,115,428,286,138,138,428,286,138,138,90,286,112,194,0,281,89,40,595,226,125,191,620,0,100,73
673_blur.png,539,391,94,89,172,268,1,1,0,270,183,187,178,270,1,1,176,269,1,1,0,267,171,99,197,0,112,276,121,0,57,267
674_blur.png,220,170,106,158,220,170,106,158,441,169,110,110,441,169,110,110,58,148,154,113,59,148,154,111,431,19,91,71,431,19,91,71,70,19,125,91,70,19,125,91
675_blur.png,575,381,108,97,574,379,110,94,186,183,60,297,374,71,117,409,540,0,138,101,366,0,77,73,316,0,16,5,200,0,103,182,21,0,161,137
676_blur.png,568,219,152,261
677_blur.png,0,380,88,98,644,270,76,94,214,268,260,193,104,264,111,134,189,218,1,1,121,201,67,66,431,94,211,251,431,94,211,251,0,81,178,181,23,150,1,1,189,75,193,202,64,0,10,103
678_blur.png,613,35,107,116,190,0,261,334
679_blur.png,129,142,1,1,131,141,1,1,134,140,1,1,138,139,1,1,107,138,77,77,135,138,1,1,314,107,118,118,314,107,118,118,464,0,193,172,137,0,55,138,5,0,122,142
67_blur.png,200,361,112,70,200,361,112,70,462,340,180,105,462,340,180,105,0,109,143,206,165,98,193,113,165,98,193,113,566,54,154,272,292,0,110,59
680_blur.png,266,359,142,121,577,208,143,188,199,0,68,480,20,0,159,480
681_blur.png,104,248,206,206,104,248,206,206,249,176,146,80,249,176,146,80,542,169,78,113,542,169,78,113,4,82,51,99,301,43,160,86,301,43,160,86,61,0,147,222
682_blur.png,365,262,195,135,365,262,195,135,602,218,118,197,145,158,142,217,145,158,142,217,0,20,180,152,624,0,92,60
683_blur.png,612,360,84,120,368,331,109,141,368,331,109,141,0,214,73,209,81,181,165,207,81,181,165,207,356,107,1,1,349,107,1,1,354,106,1,1,264,106,107,144,349,105,1,1,0,3,252,163,362,0,113,110,285,0,63,107,184,0,3,19
684_blur.png,4,378,229,102,637,228,83,249,223,193,204,194,310,187,1,1,280,178,28,15,282,176,30,10,280,176,1,1,716,0,1,1,627,4,93,81,359,0,155,193,145,0,274,216,0,0,87,98
685_blur.png,499,424,102,55,0,375,167,105,285,296,166,166,285,296,166,166,252,68,145,101,252,68,145,97
686_blur.png,353,119,1,1,473,0,140,75,341,0,124,257,272,0,79,121
687_blur.png,442,384,177,96,32,86,180,180,32,86,180,180,485,0,116,74
688_blur.png,19,378,136,80,19,378,136,80,230,354,241,74,233,276,352,195,6,67,243,287,9,68,236,286
689_blur.png,24,372,146,79,24,372,146,79,506,342,76,109,580,296,140,102,289,264,158,156,557,224,160,121,91,149,245,134,441,0,179,53
68_blur.png,0,153,208,315
690_blur.png,331,369,88,111,132,268,168,155,131,268,169,155,410,250,148,168,410,250,148,168,0,107,77,86,634,0,85,156,102,0,431,271
691_blur.png,719,375,1,1,34,261,98,126,34,262,96,125,657,200,63,32,430,166,290,269,146,163,80,61,146,159,86,65,304,66,1,1,278,43,128,194,595,0,123,116,299,0,13,59,89,0,214,84
692_blur.png,369,359,189,121,0,130,78,87,403,0,317,131,102,0,342,359
693_blur.png,136,370,1,1,11,302,139,178,569,235,151,169,399,235,153,192,247,235,124,245,138,185,166,187,480,88,154,152,480,88,154,152,719,0,1,1,640,0,76,76
694_blur.png,499,388,93,56,499,388,93,56,317,219,162,249,317,219,162,249,0,0,290,277,0,0,97,120
695_blur.png,360,357,1,1,368,356,27,1,327,323,264,157,610,267,110,41,394,263,215,90,315,224,1,1,315,159,75,201,629,119,91,92,106,21,247,340,441,0,155,102
696_blur.png,719,476,1,1,333,432,7,48,332,427,1,1,261,390,59,90,343,355,1,1,340,345,50,89,592,323,128,157,119,253,230,201,0,212,125,197,484,28,70,82,484,28,70,82,196,15,112,168,196,15,112,168,1,0,112,162
697_blur.png,183,323,50,157,30,303,152,177,432,132,74,106,432,132,74,106,319,75,115,125,318,74,117,125,500,0,151,112,339,0,79,71
698_blur.png,436,354,140,126,589,348,132,132,0,278,158,164,481,230,132,82,481,230,132,82,83,55,102,204,509,51,201,135,508,51,200,135,240,0,236,324,307,0,40,85
699_blur.png,0,458,57,22,0,355,171,77,355,290,365,147,171,253,113,227,496,136,224,196,251,0,253,206,383,0,16,77,54,0,140,164
69_blur.png,274,194,150,150,274,194,150,150,491,0,155,206,415,0,77,94,41,0,209,167
6_blur.png,586,430,134,50,415,409,26,71,0,405,50,75,470,175,114,114,470,175,114,114,360,161,360,247,236,75,180,210,234,75,183,208,0,0,91,80
700_blur.png,212,406,70,70,212,407,70,68,470,227,124,79,470,227,124,80,275,92,202,203,399,0,21,92,239,0,66,120
701_blur.png,444,421,69,59,276,369,102,111,1,195,273,182,427,120,189,267,523,0,197,119
702_blur.png,461,399,1,1,180,285,400,195,106,277,354,203,648,166,72,122,298,64,222,134,298,64,222,134,36,0,184,192
703_blur.png,601,312,119,168,598,123,1,1,597,121,1,1,407,116,209,183,602,0,105,155,592,0,21,120
704_blur.png,472,318,190,162,168,311,144,169,313,249,148,231,0,61,288,143,275,0,261,193
705_blur.png,160,326,91,53,160,326,91,53,450,297,235,118,450,297,235,118,172,0,102,59
706_blur.png,715,187,5,11,0,130,103,203,160,119,99,63,160,119,99,63,269,87,156,156,269,87,156,156,392,64,328,343,74,1,201,115,74,1,201,115
707_blur.png,485,377,198,103,361,170,144,144,361,170,144,144,142,125,158,191,258,124,1,1,254,123,1,1,212,122,39,70,183,0,154,124,27,2,90,47
708_blur.png,522,330,165,125,71,257,284,206,70,258,285,205,56,136,102,152,56,136,102,152,635,128,85,202,529,0,137,331,328,0,288,126
709_blur.png,572,374,148,106,415,253,100,106,412,253,104,105,11,140,199,279,595,0,14,15,359,0,312,206,255,0,123,69
70_blur.png,578,412,81,68,360,283,124,187,360,283,124,187,426,201,84,80,426,201,84,82,39,196,132,200,39,196,132,200,184,178,72,72,184,178,72,72,346,0,106,50
710_blur.png,9,395,168,85,335,382,30,98,428,338,1,1,431,329,122,151,47,284,80,79,47,284,80,79,148,99,292,281,414,14,172,194
711_blur.png,382,122,92,92,382,122,92,92,126,0,247,206
712_blur.png,368,233,192,187,33,189,304,203,567,170,94,206,0,86,93,158,310,0,187,228
713_blur.png,65,322,112,158,552,146,168,102,107,34,432,289,107,34,432,289
714_blur.png,432,414,78,66,140,390,166,87,519,289,80,116,519,289,80,116,0,121,80,127,0,10,268,396,513,0,145,110,249,0,130,122
715_blur.png,436,30,198,198,436,30,198,198,116,0,191,223,0,2,80,36
716_blur.png,0,307,189,144,334,304,197,96,334,304,197,96,549,105,171,202,354,0,136,185
717_blur.png,450,294,125,115,449,294,127,114,190,93,179,162,190,92,180,163,542,0,167,165,331,0,186,102
718_blur.png,224,70,103,105,223,71,104,102
719_blur.png,155,321,94,94,155,321,94,94,479,280,146,146,479,280,146,146,443,64,82,81,443,64,82,81,195,50,269,147,195,50,269,147,588,0,132,69,4,0,188,166
71_blur.png,466,151,157,161,465,157,158,154,55,108,63,64,54,108,65,65,126,0,233,219
720_blur.png,54,425,51,55,106,424,1,1,106,421,1,1,113,419,1,1,115,417,1,1,117,416,1,1,113,416,1,1,121,403,49,77,12,307,124,124,615,126,105,265
721_blur.png,393,315,1,1,392,312,1,1,390,312,1,1,283,275,109,110,29,242,164,89,29,242,164,89,213,183,177,122,128,123,78,113,128,123,78,113,544,101,176,307,234,85,292,276,0,68,65,129,630,0,75,77
722_blur.png,0,412,119,68,275,140,276,317,0,0,206,143,0,0,39,79
723_blur.png,709,328,11,2,311,221,194,259,515,80,200,400,0,76,147,311,604,0,93,41,433,0,134,88,148,0,182,160
724_blur.png,647,205,73,122,472,121,79,79,474,124,80,76,0,10,131,173,589,0,128,164
725_blur.png,508,331,164,148,107,92,266,370,566,0,154,67,407,0,130,232,324,0,130,106,143,0,105,108
726_blur.png,269,313,86,126,269,313,86,126,15,172,210,210,15,172,210,210,472,74,211,337,472,74,211,337
727_blur.png,350,0,38,91,278,0,336,249
728_blur.png,584,291,110,165,584,291,110,165,56,196,78,77,56,196,78,77,449,151,75,80,449,151,75,80,121,1,150,145,118,0,70,78,0,0,118,117,0,0,38,34
729_blur.png,119,242,76,75,120,242,74,74,528,153,174,174,528,153,174,174,182,0,71,56,49,0,133,201
72_blur.png,541,343,175,137,288,322,128,158,242,230,72,103,242,230,72,103,9,189,99,94,8,189,101,94,653,0,67,64,271,0,235,211
730_blur.png,355,401,1,1,510,365,204,116,516,57,196,196,516,57,196,196,244,53,246,428
731_blur.png,536,361,90,90,536,361,90,90,255,327,108,108,255,327,108,108,90,92,124,124,90,92,124,124
732_blur.png,510,289,144,191,69,168,196,149,68,168,197,149,209,42,241,138,598,0,122,213,89,0,166,86
733_blur.png,0,255,105,106,473,197,104,86,470,200,105,83,167,112,247,315,167,112,247,315,589,75,131,146,567,0,142,41
734_blur.png,381,188,202,292
735_blur.png,483,461,42,19,496,361,112,119,366,361,1,1,245,361,127,119,267,382,1,1,366,359,1,1,61,329,153,151,395,290,100,106,0,263,216,66,0,142,91,32,91,78,299,234,465,0,255,324,257,0,142,130,0,0,155,85
736_blur.png,0,290,97,190,408,243,118,178,408,243,118,178,303,0,292,208
737_blur.png,453,357,104,123,247,352,108,128,557,199,163,209,475,38,108,193,475,38,108,193,6,26,154,187,153,0,137,110,131,0,45,41
738_blur.png,576,238,144,198,209,217,338,263,225,149,82,55,225,149,82,55,428,53,152,116,427,59,154,110,47,46,73,50,47,46,73,50,604,0,115,193
739_blur.png,141,404,102,76,609,346,111,71,690,292,1,1,692,279,28,14,690,94,30,197,589,0,52,115,407,0,218,345
73_blur.png,256,360,150,120,0,293,168,108,318,77,96,96,318,77,96,96
740_blur.png,51,178,164,302,392,149,130,130,392,149,130,130,118,0,160,142
741_blur.png,617,365,103,84,38,275,98,54,38,275,98,54,7,85,86,204,167,60,418,367,638,0,82,85,481,0,239,132
742_blur.png,159,269,200,200,159,269,200,200,590,260,130,217,594,120,126,105,0,113,130,331,383,0,203,155,199,0,98,127
743_blur.png,336,392,70,90,665,259,1,1,662,259,1,1,663,257,1,1,621,253,101,229,670,250,1,1,0,181,107,222,251,136,70,86,251,136,70,86,441,70,80,412,89,44,99,125,89,44,99,125,527,7,195,178,365,0,124,78
744_blur.png,260,461,8,19,241,456,20,24,528,356,117,124,428,338,72,72,428,338,72,72,122,318,252,162,143,99,91,89,143,99,92,89,573,0,107,78
745_blur.png,618,409,102,71,339,264,28,216,172,163,171,168,225,129,177,35,106,44,118,124,401,34,239,446
746_blur.png,109,329,140,140,109,329,140,140,259,113,380,271,259,113,381,268
747_blur.png,721,477,1,1,520,470,2,11,523,209,199,70,231,157,291,312,24,0,162,76
748_blur.png,620,400,100,80,512,287,208,188,267,212,146,268,119,202,180,278,0,146,103,171,610,37,110,66,592,0,17,103,407,0,313,313,612,118,1,1,195,0,196,136
749_blur.png,207,307,158,137,207,307,158,137,381,181,96,82,383,178,98,84,11,162,86,85,11,162,86,85,569,150,151,285,275,129,82,73,277,131,83,65,487,75,84,83,487,75,84,83
74_blur.png,3,146,94,94,3,146,94,94,404,129,132,132,404,129,132,132
750_blur.png,0,277,81,116,204,134,73,63,203,132,75,65,530,106,190,210,252,0,204,114,102,0,95,67
751_blur.png,416,457,63,24,0,392,263,89,479,367,87,114,0,357,71,31,539,255,128,128,539,255,128,128,72,184,406,229,459,0,195,126,210,0,125,197,63,0,148,142
752_blur.png,520,473,30,7,248,391,68,89,358,271,290,209,0,195,108,114,634,187,86,69,120,167,81,54,120,167,81,54,273,71,86,126,273,71,86,126,52,0,168,138
753_blur.png,284,258,175,110,284,258,175,110,142,220,144,92,142,220,144,92,495,95,88,129,495,95,88,129,662,34,58,81,0,0,233,198,0,0,27,19
754_blur.png,0,373,113,107,643,299,72,103,643,299,72,103,573,235,70,70,573,236,70,68,364,22,130,130,364,22,130,130,612,0,106,62
755_blur.png,517,425,12,55,0,350,70,126,517,310,153,170,374,265,142,215,33,58,143,291,33,58,143,291,235,26,236,162,474,0,175,265
756_blur.png,131,416,76,64,441,297,80,79,441,297,80,79,309,259,114,221,518,135,66,82,518,135,66,82,163,103,218,377,629,38,60,73,629,38,60,73,307,0,256,262,353,0,30,103,64,0,204,180
757_blur.png,5,364,49,116,349,346,135,134,124,230,189,192,123,230,187,192,0,72,229,227,698,0,22,39,559,0,161,256,324,0,191,103
758_blur.png,351,422,93,58,249,353,79,89,249,353,79,89,639,133,75,223,30,60,154,355,30,60,154,355,565,0,77,47,221,0,221,148
759_blur.png,548,251,84,66,545,251,87,71,16,12,279,392,16,12,279,391
75_blur.png,414,328,113,138,414,328,113,138,577,287,106,106,577,287,106,106,121,287,180,180,121,287,180,180,584,0,118,288,429,0,132,93
760_blur.png,449,344,32,136,449,341,1,1,443,339,1,1,285,318,153,162,624,140,90,132,624,140,90,132,361,63,250,304,4,0,165,171
761_blur.png,605,355,115,125,0,21,103,100
762_blur.png,137,349,142,131,286,201,201,133,286,201,201,133,0,173,260,167,250,113,80,116,250,113,80,116,83,76,128,88,83,76,128,88
763_blur.png,152,271,240,178,152,272,240,178,403,192,250,216,0,37,143,144,274,32,92,92,274,32,92,92,540,16,180,188
764_blur.png,39,217,87,92,39,217,87,92,255,149,114,171,255,149,114,171,0,77,228,114,588,59,84,89,588,59,84,89,0,43,141,75
765_blur.png,0,363,119,117,264,91,120,88,264,91,120,88,494,0,174,155,4,0,57,103
766_blur.png,221,174,267,254
767_blur.png,71,286,114,171,71,286,114,171,626,103,98,121,291,102,295,201,291,102,295,201,0,100,118,228,646,47,78,55,98,0,176,129,0,0,74,51,72,49,1,1
768_blur.png,0,176,157,288,201,98,92,92,201,98,92,92,328,0,211,335,291,0,130,67
769_blur.png,527,69,160,129,526,69,162,129,568,0,66,21,0,0,66,97
76_blur.png,81,75,116,174,81,75,116,174,0,53,49,90,512,3,137,192,492,0,19,45,358,0,349,274
770_blur.png,464,400,139,80,48,281,132,132,48,281,132,132,556,173,164,215,238,132,191,210,649,121,71,60,307,0,162,161
771_blur.png,594,347,86,86,594,347,86,86,91,205,284,209,424,91,296,288
772_blur.png,397,325,194,128,397,325,194,128,0,183,88,105,110,139,254,207,645,134,72,72,645,134,72,72,337,50,155,253
773_blur.png,524,300,94,139,524,300,94,139,0,188,142,189,274,49,181,161,555,0,147,92,60,0,174,152
774_blur.png,574,154,94,97,573,153,95,98,30,143,183,189,31,148,182,185,323,60,186,186,323,60,186,186
775_blur.png,524,239,197,158,2,90,44,97,41,88,1,1,0,52,1,1,159,49,90,128,281,46,212,212,281,46,212,212,0,45,1,1,708,0,13,31,479,0,96,234,43,0,94,95,0,0,14,14
776_blur.png,268,332,107,92,267,332,108,92,0,133,88,134,541,0,155,120,73,2,84,44
777_blur.png,220,169,1,1,241,114,125,116,651,0,69,172,229,0,9,143,52,0,423,473
778_blur.png,541,389,97,91,174,317,83,78,173,316,84,79,471,39,202,314,471,39,202,314,318,0,121,98
779_blur.png,132,350,228,130,624,289,87,61,624,289,87,61,180,49,140,226,180,49,140,226,350,14,198,137,350,14,198,137,638,3,82,50
77_blur.png,101,336,206,144,645,331,75,145,0,210,34,21,0,197,35,12,450,103,1,1,0,92,97,269,317,28,132,77,173,23,454,336
780_blur.png,138,345,107,123,137,344,108,124,0,300,76,144,67,146,126,126,67,146,126,126,441,128,106,158,441,128,106,158,593,102,78,100,592,101,77,101,574,0,106,100,112,0,165,140
781_blur.png,535,280,132,200,535,280,132,200,7,227,57,158,646,112,74,71,142,49,276,355,579,0,141,74
782_blur.png,120,286,142,194,0,132,52,109,601,65,119,109,602,62,1,1,179,49,120,164,179,49,120,164,617,0,28,29,615,0,3,29,500,0,101,84
783_blur.png,0,455,35,25,0,360,119,120,516,233,145,130,516,233,146,130,89,192,167,153,88,192,169,151,281,0,96,149,18,0,94,72
784_blur.png,410,343,180,137,540,266,153,84,540,266,153,84,415,142,78,113,415,142,78,113,0,74,244,376
785_blur.png,425,325,127,155,410,285,58,38,0,276,95,55,0,160,67,55,158,90,548,390,63,46,122,349
786_blur.png,435,354,65,126,19,343,136,136,19,343,136,136,501,314,94,166,373,235,120,119,219,62,192,256,493,0,149,153,524,0,16,59
787_blur.png,413,429,98,51,678,387,42,20,614,342,1,138,19,323,106,157,374,141,45,67,374,141,45,67,0,7,208,313,421,0,299,304,243,0,372,419
788_blur.png,22,227,255,253,465,202,180,149,465,202,180,149,594,49,126,143,353,3,170,146,354,3,169,145,37,0,267,176
789_blur.png,319,392,90,89,0,271,149,195,422,147,204,317,422,147,204,317,0,68,83,137
78_blur.png,310,272,119,148,310,272,119,148,433,171,104,104,433,171,104,104,250,47,116,174,250,47,116,174,625,4,89,108,625,4,89,108
790_blur.png,415,349,136,91,415,347,137,96,189,44,154,107,189,43,155,108,446,0,29,51,357,0,293,186
791_blur.png,46,182,80,116,46,182,80,116,642,0,78,109,0,0,148,99
792_blur.png,421,62,299,168,575,206,1,1,416,0,105,230,217,1,503,430,40,0,173,231
793_blur.png,166,258,281,190,167,258,276,190,249,381,1,1,79,113,80,116,79,113,80,116
794_blur.png,64,396,102,84,310,295,266,185,0,17,88,110
795_blur.png,591,324,129,156,272,149,112,112,272,149,112,112,598,0,113,60
796_blur.png,377,300,164,180,0,235,78,21,0,171,239,196,669,135,52,58,397,26,152,233,397,26,152,233,176,0,182,100
797_blur.png,263,312,73,58,260,312,76,58,384,192,104,155,384,192,104,155,10,100,265,369,10,101,263,369,472,0,136,82
798_blur.png,463,232,78,113,463,232,78,113,631,218,89,187,0,203,176,277,127,66,68,70,127,66,68,70,410,0,202,116,239,0,99,480,0,0,59,108
799_blur.png,631,321,89,154,414,316,114,55,414,316,114,55,0,179,72,96,586,3,134,288,197,0,11,11,194,0,2,11,25,0,373,193
79_blur.png,9,351,70,70,9,352,70,68,440,162,253,177,440,162,253,177,108,95,114,171,108,95,114,171,409,68,137,90,409,68,137,90,251,0,170,99
7_blur.png,633,378,57,54,632,377,59,56,15,175,261,305,353,155,78,77,353,155,78,77,654,92,61,109
800_blur.png,140,476,1,1,130,418,1,1,46,387,83,93,129,241,188,239,636,154,83,249,0,16,142,265,535,0,118,39,440,0,9,63,235,0,312,244
801_blur.png,349,385,78,77,349,385,78,77,0,367,66,103,626,63,94,28,602,0,23,91,331,0,389,220,0,0,95,158
802_blur.png,300,377,177,103,0,367,187,113,596,284,115,196,521,29,94,139,521,29,94,139
803_blur.png,75,422,104,58,0,310,2,16,242,289,1,1,0,224,82,207,448,197,253,234,181,170,148,266,616,50,1,1,614,49,1,1,481,19,144,146,618,9,102,54,718,0,1,1,595,0,8,35,0,0,221,158
804_blur.png,328,417,92,63,326,188,149,179,326,188,149,179,578,178,79,92,578,178,79,92,201,89,84,83,201,89,84,83,638,0,58,42,430,0,149,140,348,0,70,71
805_blur.png,2,326,124,132,2,326,124,133,0,200,92,25,0,120,98,54,632,99,88,148,90,1,324,306,99,0,86,171
806_blur.png,603,415,108,65,109,352,68,85,109,352,68,85,174,127,118,118,174,127,118,118,377,0,110,104
807_blur.png,0,303,42,87,542,226,160,160,542,226,160,160,613,155,70,70,613,156,70,68,457,82,96,162,457,82,96,162,404,0,1,1,277,0,202,131
808_blur.png,207,323,106,106,207,323,106,106,583,267,126,126,583,267,126,126,584,62,108,108,584,62,108,108,303,0,171,136,3,0,83,72
809_blur.png,173,340,201,140,357,450,1,1,354,182,292,297,301,60,1,1,298,55,1,1,222,41,96,142,504,1,140,123,303,0,182,173,297,0,40,54
80_blur.png,558,196,162,153,156,114,76,109,156,114,76,109,607,59,95,61,607,59,95,61,329,0,149,231
810_blur.png,519,231,182,114,519,231,182,114,19,184,267,296,592,0,128,141,340,0,217,196
811_blur.png,407,359,103,97,406,358,104,98,0,297,130,183,583,216,137,264,0,147,355,333,296,16,160,245,296,16,160,245
812_blur.png,193,237,81,83,272,222,80,116,0,222,144,242,105,96,148,148,105,96,148,148,678,0,42,27,546,0,173,262,96,0,154,55
813_blur.png,233,406,57,67,233,406,57,67,509,376,110,104,74,320,62,75,74,320,62,75,285,160,152,233,285,160,152,233
814_blur.png,454,349,126,132,0,299,122,99,587,287,134,181,349,156,94,139,349,156,94,139,0,53,144,222,472,0,139,214
815_blur.png,701,462,19,18,338,385,201,95,12,381,196,99,593,279,127,201,223,230,170,170,223,230,170,170,640,0,80,57,351,0,296,299,59,0,205,209
816_blur.png,252,377,200,103,259,146,93,94,259,146,93,94,399,89,103,103,399,89,103,103,573,76,133,248
817_blur.png,153,287,149,90,153,287,149,90,296,126,424,205,303,89,266,85,182,22,120,181,295,168,1,1,429,0,140,95
818_blur.png,0,259,176,155,0,195,97,101,622,0,98,97,0,1,232,172
819_blur.png,25,326,180,154,223,255,67,52,222,254,69,54,446,183,1,1,444,181,1,1,446,180,1,1,93,180,110,110,93,180,110,110,471,158,1,1,475,157,1,1,476,155,1,1,432,127,118,98,630,92,87,169,644,8,58,46,643,5,60,50,472,0,60,157,299,0,142,196
81_blur.png,314,413,109,67,120,304,399,176,404,87,97,56,404,87,97,56,0,12,103,68,588,1,132,190,257,0,1,1,250,0,6,11,105,0,258,251
820_blur.png,128,273,188,207,142,0,194,250,15,0,96,252,6,0,1,1
821_blur.png,353,306,1,1,355,305,1,1,357,304,1,1,352,304,1,1,359,303,1,1,354,303,1,1,356,302,1,1,298,295,151,145,124,275,96,172,124,275,96,172,4,196,95,284,229,157,200,155,288,0,122,92
822_blur.png,48,259,202,221,531,49,55,47,530,48,57,49,312,12,186,288,312,12,186,288
823_blur.png,306,380,200,98,28,368,158,112,375,174,204,204,375,174,204,204,104,47,190,141,104,47,190,141
824_blur.png,226,331,142,149,620,0,100,247,117,0,180,204,46,0,76,66
825_blur.png,402,365,121,115,242,139,1,1,470,0,112,78,244,0,101,140,234,0,32,29,42,0,247,461
826_blur.png,80,348,149,117,83,345,141,121,344,167,262,314,314,124,1,1,320,97,1,1,324,53,22,38,444,0,257,114,213,0,260,285,328,0,18,52
827_blur.png,505,245,165,235,158,146,406,334,545,70,102,102,545,70,102,102,59,0,291,230
828_blur.png,16,346,193,134,192,174,410,306,478,0,239,116,151,0,94,66
829_blur.png,347,395,131,85,561,387,159,93,455,144,70,70,455,145,70,68,165,39,166,166,165,39,166,166
82_blur.png,467,344,1,1,348,151,274,302,26,86,112,121,26,86,108,121,432,0,164,138
830_blur.png,622,263,98,149,151,111,246,223,150,111,247,224,449,76,174,186,570,54,150,92,156,49,99,80,156,49,99,80
831_blur.png,33,393,142,87,115,327,78,77,115,327,78,77,266,45,151,321,0,31,183,304,362,31,185,374,475,0,11,57,417,0,8,67
832_blur.png,0,307,161,143,572,269,148,138,167,125,84,119,681,0,39,40,569,3,151,148,169,0,294,384,120,0,131,124
833_blur.png
834_blur.png,485,297,160,183,4,270,70,210,566,22,82,119,566,22,82,119,171,0,186,182,0,3,156,150
835_blur.png,0,263,142,195,345,99,174,174,345,99,174,174,137,88,179,301,137,88,179,301,674,62,45,126,348,0,86,44
836_blur.png,235,329,1,1,185,324,83,90,292,289,126,191,292,289,126,191,187,227,90,100,531,143,189,334,636,64,68,76,635,63,67,78,273,0,151,183
837_blur.png,161,68,320,265,160,69,321,264
838_blur.png,422,267,203,114,422,267,203,114,313,229,84,122,313,229,84,122,459,0,158,241,0,0,283,427,0,0,44,4
839_blur.png,630,289,84,163,267,190,82,81,267,190,82,81,317,0,114,64,0,0,237,325
83_blur.png,89,79,428,324,91,79,426,324,671,5,46,129,257,0,162,43,0,0,48,108
840_blur.png,537,338,183,142,605,74,115,121,275,66,329,242,411,5,130,130,411,5,130,130,273,0,35,72,122,0,202,480
841_blur.png,29,21,125,128,29,21,121,129,505,0,195,71
842_blur.png,602,231,118,123,573,0,147,84,48,0,202,160
843_blur.png,226,406,29,74,0,356,176,124,190,234,343,246,340,34,102,60,340,34,102,60,507,18,213,190
844_blur.png,0,234,114,43,116,232,1,1,115,196,114,88,0,118,143,93,285,58,268,336,558,0,156,92
845_blur.png,11,258,37,103,239,31,99,449,303,0,1,40,91,0,137,480
846_blur.png,46,286,328,166,46,286,328,166,485,150,1,1,0,139,55,109,468,51,18,98,346,4,310,254,395,0,89,50,142,0,198,155
847_blur.png,231,328,1,1,233,326,1,1,231,325,1,1,221,319,1,1,219,318,1,1,145,312,102,102,138,158,230,182,163,0,140,81,0,0,139,122
848_blur.png,144,127,127,161,144,127,127,162,370,85,326,325,370,85,326,325
849_blur.png,132,235,100,80,132,235,100,80,604,167,116,130,351,0,188,99
84_blur.png,238,409,104,71,28,366,184,114,0,233,159,38,164,232,1,1,161,231,1,1,372,184,323,219,625,304,1,1,146,127,193,261,0,124,176,107,340,42,96,142,340,42,96,142
850_blur.png,415,376,148,104,0,186,221,243,330,102,114,228,328,102,116,228,0,53,88,152,184,31,102,118,183,30,94,118
851_blur.png,398,289,238,191,72,93,233,323,72,93,233,323,512,36,110,123,511,35,111,120
852_blur.png,442,319,126,153,442,318,126,154,113,271,124,124,113,271,124,124,0,260,84,111,656,248,63,74,656,248,63,74,441,219,63,74,441,219,63,74,249,112,182,282,249,112,182,282,122,9,128,194,122,9,128,194,634,0,84,77,402,0,155,170
853_blur.png,210,378,138,102,486,259,132,132,486,259,132,132,564,189,90,82,563,188,91,84,484,131,1,1,445,126,131,130,653,98,67,75,83,47,87,80,82,46,88,82,484,0,15,130,296,0,155,179
854_blur.png,428,275,190,190,428,275,190,190,151,37,136,145,150,37,138,145
855_blur.png,0,442,129,38,133,436,1,1,1,327,139,107,134,267,267,213,228,369,1,1,93,214,95,69,93,214,95,69,626,0,94,21,411,0,309,228
856_blur.png,48,360,120,120,424,317,185,163,391,62,92,135,391,62,92,135
857_blur.png,107,303,144,177,621,175,99,112,309,101,102,101,309,101,102,101,556,2,164,85,102,0,130,190,47,1,95,89
858_blur.png,35,281,517,199,607,113,106,207,172,91,94,139,172,91,94,139
859_blur.png,446,133,148,226,446,133,148,226,186,78,1,1,219,56,1,1,217,56,1,1,475,31,95,49,475,31,95,49,181,1,246,152,259,0,40,67,219,0,39,68,85,0,100,79
85_blur.png,719,474,1,1,602,378,118,102,0,208,48,118,613,183,45,58,610,183,51,60,282,101,206,321,282,101,206,321,587,0,127,101
860_blur.png,532,425,102,55,126,181,346,299,10,39,135,198,10,39,135,198,548,30,172,167,196,0,185,156
86_blur.png,2,448,5,32,0,444,1,1,68,359,167,121,439,287,124,187,439,287,124,187,0,136,139,265,146,125,310,215,307,239,1,1,146,125,310,215,76,0,225,144
87_blur.png,0,430,33,50,189,350,149,130,270,198,78,113,270,198,78,113,0,151,199,329,67,93,98,75,67,93,98,75,335,94,209,131
88_blur.png,3,254,72,207,397,212,16,21,65,167,176,176,65,167,176,176,396,15,249,356,590,0,3,16,258,0,155,288
89_blur.png,509,321,167,159,297,237,140,95,297,237,141,95,87,130,257,159,87,130,257,159,454,7,151,214,454,7,151,214
8_blur.png,326,423,74,57,520,413,39,67,149,336,116,144,20,316,130,130,20,316,130,130,406,214,314,198,425,0,203,186,0,0,138,163
90_blur.png,631,432,76,48,377,368,109,105,376,368,110,104,601,159,119,181,0,90,85,42,12,27,202,309,395,0,148,102
91_blur.png,167,328,109,103,166,328,110,103,0,20,142,200,401,5,1,1,351,0,241,240,480,103,1,1,400,0,1,1,396,0,1,1,237,16,227,115
92_blur.png,669,442,9,38,0,390,215,90,221,352,211,128,561,112,159,330,225,7,261,210,225,7,262,209
93_blur.png,661,459,59,21,549,322,159,158,250,284,172,172,229,128,122,181,64,57,202,216,444,54,276,209,708,0,12,25,543,0,27,87
94_blur.png,324,350,102,120,324,350,102,120,174,200,78,77,174,200,78,77,557,114,155,180,557,114,155,180,162,0,124,103
95_blur.png,306,62,136,207,306,62,136,207,573,3,140,90,205,0,136,140
96_blur.png,301,258,241,178,302,259,241,177,390,20,96,142,390,20,96,142,214,24,162,117,214,24,162,117
97_blur.png,288,307,189,173,516,283,193,197,105,168,225,312,610,0,108,228,423,0,159,83
98_blur.png,240,401,189,73,125,167,134,204,125,167,134,204,299,166,128,88,299,166,128,88,614,28,106,78,124,0,226,67
99_blur.png,632,330,88,129,20,276,128,128,20,276,128,128,409,251,74,106,409,251,74,106,0,102,19,9,0,95,19,6,468,94,110,133,468,94,110,133,1,0,135,265
9_blur.png,0,378,76,102,284,337,86,96,284,337,86,96,535,253,148,148,535,253,148,148,344,150,140,162,344,150,140,162,606,68,114,190,618,66,1,1,626,0,19,33,349,8,272,116,618,61,1,1,79,0,213,258
